season,team,pts_per_game
2025,Atlanta Hawks,116.1
2025,Boston Celtics,121.2
2025,Brooklyn Nets,111.8
2025,Chicago Bulls,118.5
2025,Charlotte Hornets,107.5
2025,Cleveland Cavaliers,122.4
2025,Dallas Mavericks,117
2025,Denver Nuggets,117.8
2025,Detroit Pistons,109.8
2025,Golden State Warriors,116.2
2025,Houston Rockets,114.4
2025,Indiana Pacers,114.4
2025,Los Angeles Clippers,108.5
2025,Los Angeles Lakers,114.4
2025,Memphis Grizzlies,121
2025,Miami Heat,111
2025,Milwaukee Bucks,113.3
2025,Minnesota Timberwolves,111.2
2025,New Orleans Pelicans,103.8
2025,New York Knicks,117.8
2025,Oklahoma City Thunder,113.9
2025,Orlando Magic,108.4
2025,Philadelphia 76ers,105.1
2025,Phoenix Suns,113.2
2025,Portland Trail Blazers,106.1
2025,Sacramento Kings,113.7
2025,San Antonio Spurs,110.3
2025,Toronto Raptors,112.5
2025,Utah Jazz,108.6
2025,Washington Wizards,108.1
2025,League Average,112.9
2024,Atlanta Hawks,118.3
2024,Boston Celtics,120.6
2024,Brooklyn Nets,110.4
2024,Chicago Bulls,112.3
2024,Charlotte Hornets,106.6
2024,Cleveland Cavaliers,112.6
2024,Dallas Mavericks,117.9
2024,Denver Nuggets,114.9
2024,Detroit Pistons,109.9
2024,Golden State Warriors,117.8
2024,Houston Rockets,114.3
2024,Indiana Pacers,123.3
2024,Los Angeles Clippers,115.6
2024,Los Angeles Lakers,118
2024,Memphis Grizzlies,105.8
2024,Miami Heat,110.1
2024,Milwaukee Bucks,119
2024,Minnesota Timberwolves,113
2024,New Orleans Pelicans,115.1
2024,New York Knicks,112.8
2024,Oklahoma City Thunder,120.1
2024,Orlando Magic,110.5
2024,Philadelphia 76ers,114.6
2024,Phoenix Suns,116.2
2024,Portland Trail Blazers,106.4
2024,Sacramento Kings,116.6
2024,San Antonio Spurs,112.1
2024,Toronto Raptors,112.4
2024,Utah Jazz,115.7
2024,Washington Wizards,113.7
2024,League Average,114.2
2023,Atlanta Hawks,118.4
2023,Boston Celtics,117.9
2023,Brooklyn Nets,113.4
2023,Chicago Bulls,113.1
2023,Charlotte Hornets,111
2023,Cleveland Cavaliers,112.3
2023,Dallas Mavericks,114.2
2023,Denver Nuggets,115.8
2023,Detroit Pistons,110.3
2023,Golden State Warriors,118.9
2023,Houston Rockets,110.7
2023,Indiana Pacers,116.3
2023,Los Angeles Clippers,113.6
2023,Los Angeles Lakers,117.2
2023,Memphis Grizzlies,116.9
2023,Miami Heat,109.5
2023,Milwaukee Bucks,116.9
2023,Minnesota Timberwolves,115.8
2023,New Orleans Pelicans,114.4
2023,New York Knicks,116
2023,Oklahoma City Thunder,117.5
2023,Orlando Magic,111.4
2023,Philadelphia 76ers,115.2
2023,Phoenix Suns,113.6
2023,Portland Trail Blazers,113.4
2023,Sacramento Kings,120.7
2023,San Antonio Spurs,113
2023,Toronto Raptors,112.9
2023,Utah Jazz,117.1
2023,Washington Wizards,113.2
2023,League Average,114.7
2022,Atlanta Hawks,113.9
2022,Boston Celtics,111.8
2022,Brooklyn Nets,112.9
2022,Chicago Bulls,111.6
2022,Charlotte Hornets,115.3
2022,Cleveland Cavaliers,107.8
2022,Dallas Mavericks,108
2022,Denver Nuggets,112.7
2022,Detroit Pistons,104.8
2022,Golden State Warriors,111
2022,Houston Rockets,109.7
2022,Indiana Pacers,111.5
2022,Los Angeles Clippers,108.4
2022,Los Angeles Lakers,112.1
2022,Memphis Grizzlies,115.6
2022,Miami Heat,110
2022,Milwaukee Bucks,115.5
2022,Minnesota Timberwolves,115.9
2022,New Orleans Pelicans,109.3
2022,New York Knicks,106.5
2022,Oklahoma City Thunder,103.7
2022,Orlando Magic,104.2
2022,Philadelphia 76ers,109.9
2022,Phoenix Suns,114.8
2022,Portland Trail Blazers,106.2
2022,Sacramento Kings,110.3
2022,San Antonio Spurs,113.2
2022,Toronto Raptors,109.4
2022,Utah Jazz,113.6
2022,Washington Wizards,108.6
2022,League Average,110.6
2021,Atlanta Hawks,113.7
2021,Boston Celtics,112.6
2021,Brooklyn Nets,118.6
2021,Chicago Bulls,110.7
2021,Charlotte Hornets,109.5
2021,Cleveland Cavaliers,103.8
2021,Dallas Mavericks,112.4
2021,Denver Nuggets,115.1
2021,Detroit Pistons,106.6
2021,Golden State Warriors,113.7
2021,Houston Rockets,108.8
2021,Indiana Pacers,115.3
2021,Los Angeles Clippers,114
2021,Los Angeles Lakers,109.5
2021,Memphis Grizzlies,113.3
2021,Miami Heat,108.1
2021,Milwaukee Bucks,120.1
2021,Minnesota Timberwolves,112.1
2021,New Orleans Pelicans,114.6
2021,New York Knicks,107
2021,Oklahoma City Thunder,105
2021,Orlando Magic,104
2021,Philadelphia 76ers,113.6
2021,Phoenix Suns,115.3
2021,Portland Trail Blazers,116.1
2021,Sacramento Kings,113.7
2021,San Antonio Spurs,111.1
2021,Toronto Raptors,111.3
2021,Utah Jazz,116.4
2021,Washington Wizards,116.6
2021,League Average,112.1
2020,Atlanta Hawks,111.8
2020,Boston Celtics,113.7
2020,Brooklyn Nets,111.8
2020,Chicago Bulls,106.8
2020,Charlotte Hornets,102.9
2020,Cleveland Cavaliers,106.9
2020,Dallas Mavericks,117
2020,Denver Nuggets,111.3
2020,Detroit Pistons,107.2
2020,Golden State Warriors,106.3
2020,Houston Rockets,117.8
2020,Indiana Pacers,109.4
2020,Los Angeles Clippers,116.3
2020,Los Angeles Lakers,113.4
2020,Memphis Grizzlies,112.6
2020,Miami Heat,112
2020,Milwaukee Bucks,118.7
2020,Minnesota Timberwolves,113.3
2020,New Orleans Pelicans,115.8
2020,New York Knicks,105.8
2020,Oklahoma City Thunder,110.4
2020,Orlando Magic,107.3
2020,Philadelphia 76ers,110.7
2020,Phoenix Suns,113.6
2020,Portland Trail Blazers,115
2020,Sacramento Kings,110.1
2020,San Antonio Spurs,114.1
2020,Toronto Raptors,112.8
2020,Utah Jazz,111.3
2020,Washington Wizards,114.4
2020,League Average,111.8
2019,Atlanta Hawks,113.3
2019,Boston Celtics,112.4
2019,Brooklyn Nets,112.2
2019,Chicago Bulls,104.9
2019,Charlotte Hornets,110.7
2019,Cleveland Cavaliers,104.5
2019,Dallas Mavericks,108.9
2019,Denver Nuggets,110.7
2019,Detroit Pistons,107
2019,Golden State Warriors,117.7
2019,Houston Rockets,113.9
2019,Indiana Pacers,108
2019,Los Angeles Clippers,115.1
2019,Los Angeles Lakers,111.8
2019,Memphis Grizzlies,103.5
2019,Miami Heat,105.7
2019,Milwaukee Bucks,118.1
2019,Minnesota Timberwolves,112.5
2019,New Orleans Pelicans,115.4
2019,New York Knicks,104.6
2019,Oklahoma City Thunder,114.5
2019,Orlando Magic,107.3
2019,Philadelphia 76ers,115.2
2019,Phoenix Suns,107.5
2019,Portland Trail Blazers,114.7
2019,Sacramento Kings,114.2
2019,San Antonio Spurs,111.7
2019,Toronto Raptors,114.4
2019,Utah Jazz,111.7
2019,Washington Wizards,114
2019,League Average,111.2
2018,Atlanta Hawks,103.4
2018,Boston Celtics,104
2018,Brooklyn Nets,106.6
2018,Chicago Bulls,102.9
2018,Charlotte Hornets,108.2
2018,Cleveland Cavaliers,110.9
2018,Dallas Mavericks,102.3
2018,Denver Nuggets,110
2018,Detroit Pistons,103.8
2018,Golden State Warriors,113.5
2018,Houston Rockets,112.4
2018,Indiana Pacers,105.6
2018,Los Angeles Clippers,109
2018,Los Angeles Lakers,108.1
2018,Memphis Grizzlies,99.3
2018,Miami Heat,103.4
2018,Milwaukee Bucks,106.5
2018,Minnesota Timberwolves,109.5
2018,New Orleans Pelicans,111.7
2018,New York Knicks,104.5
2018,Oklahoma City Thunder,107.9
2018,Orlando Magic,103.4
2018,Philadelphia 76ers,109.8
2018,Phoenix Suns,103.9
2018,Portland Trail Blazers,105.6
2018,Sacramento Kings,98.8
2018,San Antonio Spurs,102.7
2018,Toronto Raptors,111.7
2018,Utah Jazz,104.1
2018,Washington Wizards,106.6
2018,League Average,106.3
2017,Atlanta Hawks,103.2
2017,Boston Celtics,108
2017,Brooklyn Nets,105.8
2017,Chicago Bulls,102.9
2017,Charlotte Hornets,104.9
2017,Cleveland Cavaliers,110.3
2017,Dallas Mavericks,97.9
2017,Denver Nuggets,111.7
2017,Detroit Pistons,101.3
2017,Golden State Warriors,115.9
2017,Houston Rockets,115.3
2017,Indiana Pacers,105.1
2017,Los Angeles Clippers,108.7
2017,Los Angeles Lakers,104.6
2017,Memphis Grizzlies,100.5
2017,Miami Heat,103.2
2017,Milwaukee Bucks,103.6
2017,Minnesota Timberwolves,105.6
2017,New Orleans Pelicans,104.3
2017,New York Knicks,104.3
2017,Oklahoma City Thunder,106.6
2017,Orlando Magic,101.1
2017,Philadelphia 76ers,102.4
2017,Phoenix Suns,107.7
2017,Portland Trail Blazers,107.9
2017,Sacramento Kings,102.8
2017,San Antonio Spurs,105.3
2017,Toronto Raptors,106.9
2017,Utah Jazz,100.7
2017,Washington Wizards,109.2
2017,League Average,105.6
2016,Atlanta Hawks,102.8
2016,Boston Celtics,105.7
2016,Brooklyn Nets,98.6
2016,Chicago Bulls,101.6
2016,Charlotte Hornets,103.4
2016,Cleveland Cavaliers,104.3
2016,Dallas Mavericks,102.3
2016,Denver Nuggets,101.9
2016,Detroit Pistons,102
2016,Golden State Warriors,114.9
2016,Houston Rockets,106.5
2016,Indiana Pacers,102.2
2016,Los Angeles Clippers,104.5
2016,Los Angeles Lakers,97.3
2016,Memphis Grizzlies,99.1
2016,Miami Heat,100
2016,Milwaukee Bucks,99
2016,Minnesota Timberwolves,102.4
2016,New Orleans Pelicans,102.7
2016,New York Knicks,98.4
2016,Oklahoma City Thunder,110.2
2016,Orlando Magic,102.1
2016,Philadelphia 76ers,97.4
2016,Phoenix Suns,100.9
2016,Portland Trail Blazers,105.1
2016,Sacramento Kings,106.6
2016,San Antonio Spurs,103.5
2016,Toronto Raptors,102.7
2016,Utah Jazz,97.7
2016,Washington Wizards,104.1
2016,League Average,102.7
2015,Atlanta Hawks,102.5
2015,Boston Celtics,101.4
2015,Brooklyn Nets,98
2015,Chicago Bulls,100.8
2015,Charlotte Hornets,94.2
2015,Cleveland Cavaliers,103.1
2015,Dallas Mavericks,105.2
2015,Denver Nuggets,101.5
2015,Detroit Pistons,98.5
2015,Golden State Warriors,110
2015,Houston Rockets,103.9
2015,Indiana Pacers,97.3
2015,Los Angeles Clippers,106.7
2015,Los Angeles Lakers,98.5
2015,Memphis Grizzlies,98.3
2015,Miami Heat,94.7
2015,Milwaukee Bucks,97.8
2015,Minnesota Timberwolves,97.8
2015,New Orleans Pelicans,99.4
2015,New York Knicks,91.9
2015,Oklahoma City Thunder,104
2015,Orlando Magic,95.7
2015,Philadelphia 76ers,92
2015,Phoenix Suns,102.4
2015,Portland Trail Blazers,102.8
2015,Sacramento Kings,101.3
2015,San Antonio Spurs,103.2
2015,Toronto Raptors,104
2015,Utah Jazz,95.1
2015,Washington Wizards,98.5
2015,League Average,100
2014,Atlanta Hawks,101
2014,Boston Celtics,96.2
2014,Brooklyn Nets,98.5
2014,Charlotte Bobcats,96.9
2014,Chicago Bulls,93.7
2014,Cleveland Cavaliers,98.2
2014,Dallas Mavericks,104.8
2014,Denver Nuggets,104.4
2014,Detroit Pistons,101
2014,Golden State Warriors,104.3
2014,Houston Rockets,107.7
2014,Indiana Pacers,96.7
2014,Los Angeles Clippers,107.9
2014,Los Angeles Lakers,103
2014,Memphis Grizzlies,96.1
2014,Miami Heat,102.2
2014,Milwaukee Bucks,95.5
2014,Minnesota Timberwolves,106.9
2014,New Orleans Pelicans,99.7
2014,New York Knicks,98.6
2014,Oklahoma City Thunder,106.2
2014,Orlando Magic,96.5
2014,Philadelphia 76ers,99.5
2014,Phoenix Suns,105.2
2014,Portland Trail Blazers,106.7
2014,Sacramento Kings,100.5
2014,San Antonio Spurs,105.4
2014,Toronto Raptors,101.3
2014,Utah Jazz,95
2014,Washington Wizards,100.7
2014,League Average,101
2013,Atlanta Hawks,98
2013,Boston Celtics,96.5
2013,Brooklyn Nets,96.9
2013,Charlotte Bobcats,93.4
2013,Chicago Bulls,93.2
2013,Cleveland Cavaliers,96.5
2013,Dallas Mavericks,101.1
2013,Denver Nuggets,106.1
2013,Detroit Pistons,94.9
2013,Golden State Warriors,101.2
2013,Houston Rockets,106
2013,Indiana Pacers,94.7
2013,Los Angeles Clippers,101.1
2013,Los Angeles Lakers,102.2
2013,Memphis Grizzlies,93.4
2013,Miami Heat,102.9
2013,Milwaukee Bucks,98.9
2013,Minnesota Timberwolves,95.7
2013,New Orleans Hornets,94.1
2013,New York Knicks,100
2013,Oklahoma City Thunder,105.7
2013,Orlando Magic,94.1
2013,Philadelphia 76ers,93.2
2013,Phoenix Suns,95.2
2013,Portland Trail Blazers,97.5
2013,Sacramento Kings,100.2
2013,San Antonio Spurs,103
2013,Toronto Raptors,97.2
2013,Utah Jazz,98
2013,Washington Wizards,93.2
2013,League Average,98.1
2012,Atlanta Hawks,96.6
2012,Boston Celtics,91.8
2012,Charlotte Bobcats,87
2012,Chicago Bulls,96.3
2012,Cleveland Cavaliers,93
2012,Dallas Mavericks,95.8
2012,Denver Nuggets,104.1
2012,Detroit Pistons,90.9
2012,Golden State Warriors,97.8
2012,Houston Rockets,98.1
2012,Indiana Pacers,97.7
2012,Los Angeles Clippers,97.5
2012,Los Angeles Lakers,97.3
2012,Memphis Grizzlies,95
2012,Miami Heat,98.5
2012,Milwaukee Bucks,99
2012,Minnesota Timberwolves,97.9
2012,New Jersey Nets,93.1
2012,New Orleans Hornets,89.6
2012,New York Knicks,97.8
2012,Oklahoma City Thunder,103.1
2012,Orlando Magic,94.2
2012,Philadelphia 76ers,93.6
2012,Phoenix Suns,98.4
2012,Portland Trail Blazers,97.2
2012,Sacramento Kings,98.8
2012,San Antonio Spurs,103.7
2012,Toronto Raptors,90.7
2012,Utah Jazz,99.7
2012,Washington Wizards,93.6
2012,League Average,96.3
2011,Atlanta Hawks,95
2011,Boston Celtics,96.5
2011,Charlotte Bobcats,93.3
2011,Chicago Bulls,98.6
2011,Cleveland Cavaliers,95.5
2011,Dallas Mavericks,100.2
2011,Denver Nuggets,107.5
2011,Detroit Pistons,97
2011,Golden State Warriors,103.4
2011,Houston Rockets,105.9
2011,Indiana Pacers,99.8
2011,Los Angeles Clippers,98.6
2011,Los Angeles Lakers,101.5
2011,Memphis Grizzlies,99.9
2011,Miami Heat,102.1
2011,Milwaukee Bucks,91.9
2011,Minnesota Timberwolves,101.1
2011,New Jersey Nets,94.2
2011,New Orleans Hornets,94.9
2011,New York Knicks,106.5
2011,Oklahoma City Thunder,104.8
2011,Orlando Magic,99.2
2011,Philadelphia 76ers,99
2011,Phoenix Suns,105
2011,Portland Trail Blazers,96.3
2011,Sacramento Kings,99.4
2011,San Antonio Spurs,103.7
2011,Toronto Raptors,99.1
2011,Utah Jazz,99.4
2011,Washington Wizards,97.3
2011,League Average,99.6
2010,Atlanta Hawks,101.7
2010,Boston Celtics,99.2
2010,Charlotte Bobcats,95.3
2010,Chicago Bulls,97.5
2010,Cleveland Cavaliers,102.1
2010,Dallas Mavericks,102
2010,Denver Nuggets,106.5
2010,Detroit Pistons,94
2010,Golden State Warriors,108.8
2010,Houston Rockets,102.4
2010,Indiana Pacers,100.8
2010,Los Angeles Clippers,95.7
2010,Los Angeles Lakers,101.7
2010,Memphis Grizzlies,102.5
2010,Miami Heat,96.5
2010,Milwaukee Bucks,97.7
2010,Minnesota Timberwolves,98.2
2010,New Jersey Nets,92.4
2010,New Orleans Hornets,100.2
2010,New York Knicks,102.1
2010,Oklahoma City Thunder,101.5
2010,Orlando Magic,102.8
2010,Philadelphia 76ers,97.7
2010,Phoenix Suns,110.2
2010,Portland Trail Blazers,98.1
2010,Sacramento Kings,100
2010,San Antonio Spurs,101.4
2010,Toronto Raptors,104.1
2010,Utah Jazz,104.2
2010,Washington Wizards,96.2
2010,League Average,100.4
2009,Atlanta Hawks,98.1
2009,Boston Celtics,100.9
2009,Charlotte Bobcats,93.6
2009,Chicago Bulls,102.2
2009,Cleveland Cavaliers,100.3
2009,Dallas Mavericks,101.7
2009,Denver Nuggets,104.3
2009,Detroit Pistons,94.2
2009,Golden State Warriors,108.6
2009,Houston Rockets,98.4
2009,Indiana Pacers,105.1
2009,Los Angeles Clippers,95.1
2009,Los Angeles Lakers,106.9
2009,Memphis Grizzlies,93.9
2009,Miami Heat,98.3
2009,Milwaukee Bucks,99.3
2009,Minnesota Timberwolves,97.8
2009,New Jersey Nets,98.1
2009,New Orleans Hornets,95.8
2009,New York Knicks,105.2
2009,Oklahoma City Thunder,97
2009,Orlando Magic,101
2009,Philadelphia 76ers,97.4
2009,Phoenix Suns,109.4
2009,Portland Trail Blazers,99.4
2009,Sacramento Kings,100.6
2009,San Antonio Spurs,97
2009,Toronto Raptors,99
2009,Utah Jazz,103.6
2009,Washington Wizards,96.1
2009,League Average,100
2008,Atlanta Hawks,98.2
2008,Boston Celtics,100.5
2008,Charlotte Bobcats,97.1
2008,Chicago Bulls,97.3
2008,Cleveland Cavaliers,96.4
2008,Dallas Mavericks,100.4
2008,Denver Nuggets,110.7
2008,Detroit Pistons,97.5
2008,Golden State Warriors,111
2008,Houston Rockets,96.7
2008,Indiana Pacers,104
2008,Los Angeles Clippers,93.8
2008,Los Angeles Lakers,108.6
2008,Memphis Grizzlies,100.7
2008,Miami Heat,91.4
2008,Milwaukee Bucks,97
2008,Minnesota Timberwolves,95.6
2008,New Jersey Nets,95.8
2008,New Orleans Hornets,100.9
2008,New York Knicks,96.9
2008,Orlando Magic,104.5
2008,Philadelphia 76ers,96.6
2008,Phoenix Suns,110.1
2008,Portland Trail Blazers,95.4
2008,Sacramento Kings,102.5
2008,San Antonio Spurs,95.4
2008,Seattle Supersonics,97.5
2008,Toronto Raptors,100.2
2008,Utah Jazz,106.2
2008,Washington Wizards,98.8
2008,League Average,99.9
2007,Atlanta Hawks,93.7
2007,Boston Celtics,95.8
2007,Charlotte Bobcats,96.9
2007,Chicago Bulls,98.8
2007,Cleveland Cavaliers,96.8
2007,Dallas Mavericks,100
2007,Denver Nuggets,105.4
2007,Detroit Pistons,96
2007,Golden State Warriors,106.5
2007,Houston Rockets,97
2007,Indiana Pacers,95.6
2007,Los Angeles Clippers,95.6
2007,Los Angeles Lakers,103.3
2007,Memphis Grizzlies,101.6
2007,Miami Heat,94.6
2007,Milwaukee Bucks,99.7
2007,Minnesota Timberwolves,96.1
2007,New Jersey Nets,97.6
2007,New Orleans/Oklahoma City Hornets,95.5
2007,New York Knicks,97.5
2007,Orlando Magic,94.8
2007,Philadelphia 76ers,94.9
2007,Phoenix Suns,110.2
2007,Portland Trail Blazers,94.1
2007,Sacramento Kings,101.3
2007,San Antonio Spurs,98.5
2007,Seattle Supersonics,99.1
2007,Toronto Raptors,99.5
2007,Utah Jazz,101.5
2007,Washington Wizards,104.3
2007,League Average,98.7
2006,Atlanta Hawks,97.2
2006,Boston Celtics,98
2006,Charlotte Bobcats,96.9
2006,Chicago Bulls,97.8
2006,Cleveland Cavaliers,97.6
2006,Dallas Mavericks,99.1
2006,Denver Nuggets,100.3
2006,Detroit Pistons,96.8
2006,Golden State Warriors,98.5
2006,Houston Rockets,90.1
2006,Indiana Pacers,93.9
2006,Los Angeles Clippers,97.2
2006,Los Angeles Lakers,99.4
2006,Memphis Grizzlies,92.2
2006,Miami Heat,99.9
2006,Milwaukee Bucks,97.8
2006,Minnesota Timberwolves,91.7
2006,New Jersey Nets,93.8
2006,New Orleans/Oklahoma City Hornets,92.8
2006,New York Knicks,95.6
2006,Orlando Magic,94.9
2006,Philadelphia 76ers,99.4
2006,Phoenix Suns,108.4
2006,Portland Trail Blazers,88.8
2006,Sacramento Kings,98.9
2006,San Antonio Spurs,95.6
2006,Seattle Supersonics,102.6
2006,Toronto Raptors,101.1
2006,Utah Jazz,92.4
2006,Washington Wizards,101.7
2006,League Average,97
2005,Atlanta Hawks,92.7
2005,Boston Celtics,101.3
2005,Charlotte Bobcats,94.3
2005,Chicago Bulls,94.5
2005,Cleveland Cavaliers,96.5
2005,Dallas Mavericks,102.5
2005,Denver Nuggets,99.5
2005,Detroit Pistons,93.3
2005,Golden State Warriors,98.7
2005,Houston Rockets,95.1
2005,Indiana Pacers,93
2005,Los Angeles Clippers,95.7
2005,Los Angeles Lakers,98.7
2005,Memphis Grizzlies,93.4
2005,Miami Heat,101.5
2005,Milwaukee Bucks,97.2
2005,Minnesota Timberwolves,96.8
2005,New Jersey Nets,91.4
2005,New Orleans Hornets,88.4
2005,New York Knicks,97.3
2005,Orlando Magic,99.5
2005,Philadelphia 76ers,99.1
2005,Phoenix Suns,110.4
2005,Portland Trail Blazers,92.9
2005,Sacramento Kings,103.7
2005,San Antonio Spurs,96.2
2005,Seattle Supersonics,98.9
2005,Toronto Raptors,99.7
2005,Utah Jazz,93
2005,Washington Wizards,100.5
2005,League Average,97.2
2004,Atlanta Hawks,92.8
2004,Boston Celtics,95.3
2004,Chicago Bulls,89.7
2004,Cleveland Cavaliers,92.9
2004,Dallas Mavericks,105.2
2004,Denver Nuggets,97.2
2004,Detroit Pistons,90.1
2004,Golden State Warriors,93.3
2004,Houston Rockets,89.8
2004,Indiana Pacers,91.4
2004,Los Angeles Clippers,94.8
2004,Los Angeles Lakers,98.2
2004,Memphis Grizzlies,96.7
2004,Miami Heat,90.3
2004,Milwaukee Bucks,98
2004,Minnesota Timberwolves,94.5
2004,New Jersey Nets,90.3
2004,New Orleans Hornets,91.8
2004,New York Knicks,92
2004,Orlando Magic,94
2004,Philadelphia 76ers,88
2004,Phoenix Suns,94.2
2004,Portland Trail Blazers,90.7
2004,Sacramento Kings,102.8
2004,San Antonio Spurs,91.5
2004,Seattle Supersonics,97.1
2004,Toronto Raptors,85.4
2004,Utah Jazz,88.7
2004,Washington Wizards,91.8
2004,League Average,93.4
2003,Atlanta Hawks,94.1
2003,Boston Celtics,92.7
2003,Chicago Bulls,95
2003,Cleveland Cavaliers,91.4
2003,Dallas Mavericks,103
2003,Denver Nuggets,84.2
2003,Detroit Pistons,91.4
2003,Golden State Warriors,102.4
2003,Houston Rockets,93.8
2003,Indiana Pacers,96.8
2003,Los Angeles Clippers,93.8
2003,Los Angeles Lakers,100.4
2003,Memphis Grizzlies,97.5
2003,Miami Heat,85.6
2003,Milwaukee Bucks,99.5
2003,Minnesota Timberwolves,98.1
2003,New Jersey Nets,95.4
2003,New Orleans Hornets,93.9
2003,New York Knicks,95.9
2003,Orlando Magic,98.5
2003,Philadelphia 76ers,96.8
2003,Phoenix Suns,95.5
2003,Portland Trail Blazers,95.2
2003,Sacramento Kings,101.7
2003,San Antonio Spurs,95.8
2003,Seattle Supersonics,92.1
2003,Toronto Raptors,90.9
2003,Utah Jazz,94.7
2003,Washington Wizards,91.5
2003,League Average,95.1
2002,Atlanta Hawks,94
2002,Boston Celtics,96.4
2002,Charlotte Hornets,93.9
2002,Chicago Bulls,89.5
2002,Cleveland Cavaliers,95.3
2002,Dallas Mavericks,105.2
2002,Denver Nuggets,92.2
2002,Detroit Pistons,94.3
2002,Golden State Warriors,97.7
2002,Houston Rockets,92.3
2002,Indiana Pacers,96.8
2002,Los Angeles Clippers,95.7
2002,Los Angeles Lakers,101.3
2002,Memphis Grizzlies,89.9
2002,Miami Heat,87.2
2002,Milwaukee Bucks,97.5
2002,Minnesota Timberwolves,99.3
2002,New Jersey Nets,96.2
2002,New York Knicks,91.6
2002,Orlando Magic,100.5
2002,Philadelphia 76ers,91
2002,Phoenix Suns,95.1
2002,Portland Trail Blazers,96.6
2002,Sacramento Kings,104.6
2002,San Antonio Spurs,96.7
2002,Seattle Supersonics,97.7
2002,Toronto Raptors,91.4
2002,Utah Jazz,96
2002,Washington Wizards,92.8
2002,League Average,95.5
2001,Atlanta Hawks,91
2001,Boston Celtics,94.6
2001,Charlotte Hornets,91.9
2001,Chicago Bulls,87.6
2001,Cleveland Cavaliers,92.2
2001,Dallas Mavericks,100.5
2001,Denver Nuggets,96.6
2001,Detroit Pistons,95.6
2001,Golden State Warriors,92.5
2001,Houston Rockets,97.2
2001,Indiana Pacers,92.6
2001,Los Angeles Clippers,92.5
2001,Los Angeles Lakers,100.6
2001,Miami Heat,88.9
2001,Milwaukee Bucks,100.7
2001,Minnesota Timberwolves,97.3
2001,New Jersey Nets,92.1
2001,New York Knicks,88.7
2001,Orlando Magic,97.5
2001,Philadelphia 76ers,94.7
2001,Phoenix Suns,94
2001,Portland Trail Blazers,95.4
2001,Sacramento Kings,101.7
2001,San Antonio Spurs,96.2
2001,Seattle Supersonics,97.3
2001,Toronto Raptors,97.6
2001,Utah Jazz,97.1
2001,Vancouver Grizzlies,91.7
2001,Washington Wizards,93.2
2001,League Average,94.8
2000,Atlanta Hawks,94.3
2000,Boston Celtics,99.3
2000,Charlotte Hornets,98.4
2000,Chicago Bulls,84.8
2000,Cleveland Cavaliers,97
2000,Dallas Mavericks,101.4
2000,Denver Nuggets,99
2000,Detroit Pistons,103.5
2000,Golden State Warriors,95.5
2000,Houston Rockets,99.5
2000,Indiana Pacers,101.3
2000,Los Angeles Clippers,92
2000,Los Angeles Lakers,100.8
2000,Miami Heat,94.4
2000,Milwaukee Bucks,101.2
2000,Minnesota Timberwolves,98.5
2000,New Jersey Nets,98
2000,New York Knicks,92.1
2000,Orlando Magic,100.1
2000,Philadelphia 76ers,94.8
2000,Phoenix Suns,98.9
2000,Portland Trail Blazers,97.5
2000,Sacramento Kings,105
2000,San Antonio Spurs,96.2
2000,Seattle Supersonics,99.1
2000,Toronto Raptors,97.2
2000,Utah Jazz,96.5
2000,Vancouver Grizzlies,93.9
2000,Washington Wizards,96.6
2000,League Average,97.5
1999,Atlanta Hawks,86.3
1999,Boston Celtics,93
1999,Charlotte Hornets,92.9
1999,Chicago Bulls,81.9
1999,Cleveland Cavaliers,86.4
1999,Dallas Mavericks,91.6
1999,Denver Nuggets,93.5
1999,Detroit Pistons,90.4
1999,Golden State Warriors,88.3
1999,Houston Rockets,94.2
1999,Indiana Pacers,94.7
1999,Los Angeles Clippers,90.4
1999,Los Angeles Lakers,99
1999,Miami Heat,89
1999,Milwaukee Bucks,91.7
1999,Minnesota Timberwolves,92.9
1999,New Jersey Nets,91.4
1999,New York Knicks,86.4
1999,Orlando Magic,89.5
1999,Philadelphia 76ers,89.7
1999,Phoenix Suns,95.6
1999,Portland Trail Blazers,94.8
1999,Sacramento Kings,100.2
1999,San Antonio Spurs,92.8
1999,Seattle Supersonics,94.9
1999,Toronto Raptors,91.1
1999,Utah Jazz,93.3
1999,Vancouver Grizzlies,88.9
1999,Washington Wizards,91.2
1999,League Average,91.6
1998,Atlanta Hawks,95.9
1998,Boston Celtics,95.9
1998,Charlotte Hornets,96.6
1998,Chicago Bulls,96.7
1998,Cleveland Cavaliers,92.5
1998,Dallas Mavericks,91.4
1998,Denver Nuggets,89
1998,Detroit Pistons,94.2
1998,Golden State Warriors,88.3
1998,Houston Rockets,98.8
1998,Indiana Pacers,96
1998,Los Angeles Clippers,95.9
1998,Los Angeles Lakers,105.5
1998,Miami Heat,95
1998,Milwaukee Bucks,94.5
1998,Minnesota Timberwolves,101.1
1998,New Jersey Nets,99.6
1998,New York Knicks,91.6
1998,Orlando Magic,90.1
1998,Philadelphia 76ers,93.3
1998,Phoenix Suns,99.6
1998,Portland Trail Blazers,94.3
1998,Sacramento Kings,93.1
1998,San Antonio Spurs,92.5
1998,Seattle Supersonics,100.6
1998,Toronto Raptors,94.9
1998,Utah Jazz,101
1998,Vancouver Grizzlies,96.6
1998,Washington Wizards,97.2
1998,League Average,95.6
1997,Atlanta Hawks,94.8
1997,Boston Celtics,100.6
1997,Charlotte Hornets,98.9
1997,Chicago Bulls,103.1
1997,Cleveland Cavaliers,87.5
1997,Dallas Mavericks,90.6
1997,Denver Nuggets,97.8
1997,Detroit Pistons,94.2
1997,Golden State Warriors,99.6
1997,Houston Rockets,100.6
1997,Indiana Pacers,95.4
1997,Los Angeles Clippers,97.2
1997,Los Angeles Lakers,100
1997,Miami Heat,94.8
1997,Milwaukee Bucks,95.3
1997,Minnesota Timberwolves,96.1
1997,New Jersey Nets,97.2
1997,New York Knicks,95.4
1997,Orlando Magic,94.1
1997,Philadelphia 76ers,100.2
1997,Phoenix Suns,102.8
1997,Portland Trail Blazers,99
1997,Sacramento Kings,96.4
1997,San Antonio Spurs,90.5
1997,Seattle Supersonics,100.9
1997,Toronto Raptors,95.5
1997,Utah Jazz,103.1
1997,Vancouver Grizzlies,89.2
1997,Washington Bullets,99.4
1997,League Average,96.9
1996,Atlanta Hawks,98.3
1996,Boston Celtics,103.6
1996,Charlotte Hornets,102.8
1996,Chicago Bulls,105.2
1996,Cleveland Cavaliers,91.1
1996,Dallas Mavericks,102.5
1996,Denver Nuggets,97.7
1996,Detroit Pistons,95.4
1996,Golden State Warriors,101.6
1996,Houston Rockets,102.5
1996,Indiana Pacers,99.3
1996,Los Angeles Clippers,99.4
1996,Los Angeles Lakers,102.9
1996,Miami Heat,96.5
1996,Milwaukee Bucks,95.6
1996,Minnesota Timberwolves,97.9
1996,New Jersey Nets,93.7
1996,New York Knicks,97.2
1996,Orlando Magic,104.5
1996,Philadelphia 76ers,94.5
1996,Phoenix Suns,104.3
1996,Portland Trail Blazers,99.3
1996,Sacramento Kings,99.5
1996,San Antonio Spurs,103.4
1996,Seattle Supersonics,104.5
1996,Toronto Raptors,97.5
1996,Utah Jazz,102.5
1996,Vancouver Grizzlies,89.8
1996,Washington Bullets,102.5
1996,League Average,99.5
1995,Atlanta Hawks,96.6
1995,Boston Celtics,102.8
1995,Charlotte Hornets,100.6
1995,Chicago Bulls,101.5
1995,Cleveland Cavaliers,90.5
1995,Dallas Mavericks,103.2
1995,Denver Nuggets,101.3
1995,Detroit Pistons,98.2
1995,Golden State Warriors,105.7
1995,Houston Rockets,103.5
1995,Indiana Pacers,99.2
1995,Los Angeles Clippers,96.7
1995,Los Angeles Lakers,105.1
1995,Miami Heat,101.1
1995,Milwaukee Bucks,99.3
1995,Minnesota Timberwolves,94.2
1995,New Jersey Nets,98.1
1995,New York Knicks,98.2
1995,Orlando Magic,110.9
1995,Philadelphia 76ers,95.4
1995,Phoenix Suns,110.6
1995,Portland Trail Blazers,103.1
1995,Sacramento Kings,98.2
1995,San Antonio Spurs,106.6
1995,Seattle Supersonics,110.4
1995,Utah Jazz,106.4
1995,Washington Bullets,100.5
1995,League Average,101.4
1994,Atlanta Hawks,101.4
1994,Boston Celtics,100.8
1994,Charlotte Hornets,106.5
1994,Chicago Bulls,98
1994,Cleveland Cavaliers,101.2
1994,Dallas Mavericks,95.1
1994,Denver Nuggets,100.3
1994,Detroit Pistons,96.9
1994,Golden State Warriors,107.9
1994,Houston Rockets,101.1
1994,Indiana Pacers,101
1994,Los Angeles Clippers,103
1994,Los Angeles Lakers,100.4
1994,Miami Heat,103.4
1994,Milwaukee Bucks,96.9
1994,Minnesota Timberwolves,96.7
1994,New Jersey Nets,103.2
1994,New York Knicks,98.5
1994,Orlando Magic,105.7
1994,Philadelphia 76ers,98
1994,Phoenix Suns,108.2
1994,Portland Trail Blazers,107.3
1994,Sacramento Kings,101.1
1994,San Antonio Spurs,100
1994,Seattle Supersonics,105.9
1994,Utah Jazz,101.9
1994,Washington Bullets,100.4
1994,League Average,101.5
1993,Atlanta Hawks,107.5
1993,Boston Celtics,103.7
1993,Charlotte Hornets,110.1
1993,Chicago Bulls,105.2
1993,Cleveland Cavaliers,107.7
1993,Dallas Mavericks,99.3
1993,Denver Nuggets,105.2
1993,Detroit Pistons,100.6
1993,Golden State Warriors,109.9
1993,Houston Rockets,104
1993,Indiana Pacers,107.8
1993,Los Angeles Clippers,107.1
1993,Los Angeles Lakers,104.2
1993,Miami Heat,103.6
1993,Milwaukee Bucks,102.3
1993,Minnesota Timberwolves,98.1
1993,New Jersey Nets,102.8
1993,New York Knicks,101.6
1993,Orlando Magic,105.5
1993,Philadelphia 76ers,104.3
1993,Phoenix Suns,113.4
1993,Portland Trail Blazers,108.5
1993,Sacramento Kings,107.9
1993,San Antonio Spurs,105.5
1993,Seattle Supersonics,108.3
1993,Utah Jazz,106.2
1993,Washington Bullets,101.9
1993,League Average,105.3
1992,Atlanta Hawks,106.2
1992,Boston Celtics,106.6
1992,Charlotte Hornets,109.5
1992,Chicago Bulls,109.9
1992,Cleveland Cavaliers,108.9
1992,Dallas Mavericks,97.6
1992,Denver Nuggets,99.7
1992,Detroit Pistons,98.9
1992,Golden State Warriors,118.7
1992,Houston Rockets,102
1992,Indiana Pacers,112.2
1992,Los Angeles Clippers,102.9
1992,Los Angeles Lakers,100.4
1992,Miami Heat,105
1992,Milwaukee Bucks,105
1992,Minnesota Timberwolves,100.5
1992,New Jersey Nets,105.4
1992,New York Knicks,101.6
1992,Orlando Magic,101.6
1992,Philadelphia 76ers,101.9
1992,Phoenix Suns,112.1
1992,Portland Trail Blazers,111.4
1992,Sacramento Kings,104.3
1992,San Antonio Spurs,104
1992,Seattle Supersonics,106.5
1992,Utah Jazz,108.3
1992,Washington Bullets,102.4
1992,League Average,105.3
1991,Atlanta Hawks,109.8
1991,Boston Celtics,111.5
1991,Charlotte Hornets,102.8
1991,Chicago Bulls,110
1991,Cleveland Cavaliers,101.7
1991,Dallas Mavericks,99.9
1991,Denver Nuggets,119.9
1991,Detroit Pistons,100.1
1991,Golden State Warriors,116.6
1991,Houston Rockets,106.7
1991,Indiana Pacers,111.7
1991,Los Angeles Clippers,103.5
1991,Los Angeles Lakers,106.3
1991,Miami Heat,101.8
1991,Milwaukee Bucks,106.4
1991,Minnesota Timberwolves,99.6
1991,New Jersey Nets,102.9
1991,New York Knicks,103.1
1991,Orlando Magic,105.9
1991,Philadelphia 76ers,105.4
1991,Phoenix Suns,114
1991,Portland Trail Blazers,114.7
1991,Sacramento Kings,96.7
1991,San Antonio Spurs,107.1
1991,Seattle Supersonics,106.6
1991,Utah Jazz,104
1991,Washington Bullets,101.4
1991,League Average,106.3
1990,Atlanta Hawks,108.5
1990,Boston Celtics,110
1990,Charlotte Hornets,100.4
1990,Chicago Bulls,109.5
1990,Cleveland Cavaliers,102.6
1990,Dallas Mavericks,102.2
1990,Denver Nuggets,114.6
1990,Detroit Pistons,104.3
1990,Golden State Warriors,116.3
1990,Houston Rockets,106.7
1990,Indiana Pacers,109.3
1990,Los Angeles Clippers,103.8
1990,Los Angeles Lakers,110.7
1990,Miami Heat,100.6
1990,Milwaukee Bucks,106
1990,Minnesota Timberwolves,95.2
1990,New Jersey Nets,100.1
1990,New York Knicks,108.3
1990,Orlando Magic,110.9
1990,Philadelphia 76ers,110.2
1990,Phoenix Suns,114.9
1990,Portland Trail Blazers,114.2
1990,Sacramento Kings,101.7
1990,San Antonio Spurs,106.3
1990,Seattle Supersonics,106.9
1990,Utah Jazz,106.8
1990,Washington Bullets,107.7
1990,League Average,107
1989,Atlanta Hawks,111
1989,Boston Celtics,109.2
1989,Charlotte Hornets,104.5
1989,Chicago Bulls,106.4
1989,Cleveland Cavaliers,108.8
1989,Dallas Mavericks,103.5
1989,Denver Nuggets,118
1989,Detroit Pistons,106.6
1989,Golden State Warriors,116.6
1989,Houston Rockets,108.5
1989,Indiana Pacers,106.9
1989,Los Angeles Clippers,106.2
1989,Los Angeles Lakers,114.7
1989,Miami Heat,97.8
1989,Milwaukee Bucks,108.9
1989,New Jersey Nets,103.7
1989,New York Knicks,116.7
1989,Philadelphia 76ers,111.9
1989,Phoenix Suns,118.6
1989,Portland Trail Blazers,114.6
1989,Sacramento Kings,105.5
1989,San Antonio Spurs,105.5
1989,Seattle Supersonics,112.1
1989,Utah Jazz,104.7
1989,Washington Bullets,108.3
1989,League Average,109.2
1988,Atlanta Hawks,107.9
1988,Boston Celtics,113.6
1988,Chicago Bulls,105
1988,Cleveland Cavaliers,104.5
1988,Dallas Mavericks,109.3
1988,Denver Nuggets,116.7
1988,Detroit Pistons,109.2
1988,Golden State Warriors,107
1988,Houston Rockets,109
1988,Indiana Pacers,104.6
1988,Los Angeles Clippers,98.8
1988,Los Angeles Lakers,112.8
1988,Milwaukee Bucks,106.1
1988,New Jersey Nets,100.4
1988,New York Knicks,105.5
1988,Philadelphia 76ers,105.7
1988,Phoenix Suns,108.5
1988,Portland Trail Blazers,116.1
1988,Sacramento Kings,108
1988,San Antonio Spurs,113.6
1988,Seattle Supersonics,111.4
1988,Utah Jazz,108.5
1988,Washington Bullets,105.5
1988,League Average,108.2
1987,Atlanta Hawks,110
1987,Boston Celtics,112.6
1987,Chicago Bulls,104.8
1987,Cleveland Cavaliers,104.4
1987,Dallas Mavericks,116.7
1987,Denver Nuggets,116.7
1987,Detroit Pistons,111.2
1987,Golden State Warriors,112
1987,Houston Rockets,106.9
1987,Indiana Pacers,106.1
1987,Los Angeles Clippers,104.5
1987,Los Angeles Lakers,117.8
1987,Milwaukee Bucks,110.4
1987,New Jersey Nets,108.5
1987,New York Knicks,103.8
1987,Philadelphia 76ers,106.5
1987,Phoenix Suns,111.1
1987,Portland Trail Blazers,117.9
1987,Sacramento Kings,110.9
1987,San Antonio Spurs,108.3
1987,Seattle Supersonics,113.7
1987,Utah Jazz,107.9
1987,Washington Bullets,106
1987,League Average,109.9
1986,Atlanta Hawks,108.6
1986,Boston Celtics,114.1
1986,Chicago Bulls,109.3
1986,Cleveland Cavaliers,107.8
1986,Dallas Mavericks,115.3
1986,Denver Nuggets,114.8
1986,Detroit Pistons,114.2
1986,Golden State Warriors,113.4
1986,Houston Rockets,114.4
1986,Indiana Pacers,103.9
1986,Los Angeles Clippers,108.6
1986,Los Angeles Lakers,117.3
1986,Milwaukee Bucks,114.5
1986,New Jersey Nets,109.1
1986,New York Knicks,98.7
1986,Philadelphia 76ers,110.4
1986,Phoenix Suns,110
1986,Portland Trail Blazers,115.1
1986,Sacramento Kings,108.8
1986,San Antonio Spurs,111.2
1986,Seattle Supersonics,104.4
1986,Utah Jazz,108.2
1986,Washington Bullets,103
1986,League Average,110.2
1985,Atlanta Hawks,106.6
1985,Boston Celtics,114.8
1985,Chicago Bulls,108.7
1985,Cleveland Cavaliers,108.6
1985,Dallas Mavericks,111.2
1985,Denver Nuggets,120
1985,Detroit Pistons,116
1985,Golden State Warriors,110.4
1985,Houston Rockets,111.2
1985,Indiana Pacers,108.3
1985,Kansas City Kings,114.8
1985,Los Angeles Clippers,107.1
1985,Los Angeles Lakers,118.2
1985,Milwaukee Bucks,110.9
1985,New Jersey Nets,109.5
1985,New York Knicks,105.2
1985,Philadelphia 76ers,112.9
1985,Phoenix Suns,108
1985,Portland Trail Blazers,115.5
1985,San Antonio Spurs,114.8
1985,Seattle Supersonics,102.1
1985,Utah Jazz,109
1985,Washington Bullets,105.5
1985,League Average,110.8
1984,Atlanta Hawks,101.5
1984,Boston Celtics,112.1
1984,Chicago Bulls,103.7
1984,Cleveland Cavaliers,102.3
1984,Dallas Mavericks,110.4
1984,Denver Nuggets,123.7
1984,Detroit Pistons,117.1
1984,Golden State Warriors,109.9
1984,Houston Rockets,110.6
1984,Indiana Pacers,104.5
1984,Kansas City Kings,110
1984,Los Angeles Lakers,115.6
1984,Milwaukee Bucks,105.7
1984,New Jersey Nets,110
1984,New York Knicks,106.9
1984,Philadelphia 76ers,107.8
1984,Phoenix Suns,111
1984,Portland Trail Blazers,113.1
1984,San Antonio Spurs,120.3
1984,San Diego Clippers,110.7
1984,Seattle Supersonics,108.1
1984,Utah Jazz,115
1984,Washington Bullets,102.7
1984,League Average,110.1
1983,Atlanta Hawks,101.6
1983,Boston Celtics,112.1
1983,Chicago Bulls,111
1983,Cleveland Cavaliers,97.1
1983,Dallas Mavericks,112.7
1983,Denver Nuggets,123.2
1983,Detroit Pistons,112.7
1983,Golden State Warriors,108.6
1983,Houston Rockets,99.3
1983,Indiana Pacers,108.7
1983,Kansas City Kings,113.8
1983,Los Angeles Lakers,115
1983,Milwaukee Bucks,106.6
1983,New Jersey Nets,105.8
1983,New York Knicks,100
1983,Philadelphia 76ers,112.1
1983,Phoenix Suns,107
1983,Portland Trail Blazers,107.4
1983,San Antonio Spurs,114.3
1983,San Diego Clippers,108.6
1983,Seattle Supersonics,110
1983,Utah Jazz,109
1983,Washington Bullets,99.2
1983,League Average,108.5
1982,Atlanta Hawks,101
1982,Boston Celtics,112
1982,Chicago Bulls,106.6
1982,Cleveland Cavaliers,103.2
1982,Dallas Mavericks,104.6
1982,Denver Nuggets,126.5
1982,Detroit Pistons,111.1
1982,Golden State Warriors,110.9
1982,Houston Rockets,105.9
1982,Indiana Pacers,102.2
1982,Kansas City Kings,107.1
1982,Los Angeles Lakers,114.6
1982,Milwaukee Bucks,108.4
1982,New Jersey Nets,106.7
1982,New York Knicks,106.2
1982,Philadelphia 76ers,111.2
1982,Phoenix Suns,106.2
1982,Portland Trail Blazers,109.8
1982,San Antonio Spurs,113.1
1982,San Diego Clippers,108.5
1982,Seattle Supersonics,107.3
1982,Utah Jazz,110.9
1982,Washington Bullets,103.5
1982,League Average,108.6
1981,Atlanta Hawks,104.9
1981,Boston Celtics,109.9
1981,Chicago Bulls,109
1981,Cleveland Cavaliers,105.7
1981,Dallas Mavericks,101.5
1981,Denver Nuggets,121.8
1981,Detroit Pistons,99.7
1981,Golden State Warriors,109.8
1981,Houston Rockets,108.3
1981,Indiana Pacers,107.6
1981,Kansas City Kings,106.9
1981,Los Angeles Lakers,111.2
1981,Milwaukee Bucks,113.1
1981,New Jersey Nets,106.9
1981,New York Knicks,107.9
1981,Philadelphia 76ers,111.7
1981,Phoenix Suns,110
1981,Portland Trail Blazers,110.7
1981,San Antonio Spurs,112.3
1981,San Diego Clippers,106.5
1981,Seattle Supersonics,104
1981,Utah Jazz,101.2
1981,Washington Bullets,105.6
1981,League Average,108.1
1980,Atlanta Hawks,104.5
1980,Boston Celtics,113.5
1980,Chicago Bulls,107.5
1980,Cleveland Cavaliers,114.1
1980,Denver Nuggets,108.3
1980,Detroit Pistons,108.9
1980,Golden State Warriors,103.6
1980,Houston Rockets,110.8
1980,Indiana Pacers,111.2
1980,Kansas City Kings,108
1980,Los Angeles Lakers,115.1
1980,Milwaukee Bucks,110.1
1980,New Jersey Nets,108.3
1980,New York Knicks,114
1980,Philadelphia 76ers,109.1
1980,Phoenix Suns,111.1
1980,Portland Trail Blazers,102.5
1980,San Antonio Spurs,119.4
1980,San Diego Clippers,107.6
1980,Seattle Supersonics,108.5
1980,Utah Jazz,102.4
1980,Washington Bullets,107
1980,League Average,109.3
1979,Atlanta Hawks,109.1
1979,Boston Celtics,108.2
1979,Chicago Bulls,104.7
1979,Cleveland Cavaliers,106.5
1979,Denver Nuggets,110.7
1979,Detroit Pistons,110
1979,Golden State Warriors,105.1
1979,Houston Rockets,113.4
1979,Indiana Pacers,108.6
1979,Kansas City Kings,113.1
1979,Los Angeles Lakers,112.9
1979,Milwaukee Bucks,114.1
1979,New Jersey Nets,107.7
1979,New Orleans Jazz,108.3
1979,New York Knicks,107.7
1979,Philadelphia 76ers,109.5
1979,Phoenix Suns,115.4
1979,Portland Trail Blazers,108.4
1979,San Antonio Spurs,119.3
1979,San Diego Clippers,113.1
1979,Seattle Supersonics,106.6
1979,Washington Bullets,114.9
1979,League Average,110.3
1978,Atlanta Hawks,103.7
1978,Boston Celtics,105.7
1978,Buffalo Braves,105.3
1978,Chicago Bulls,103.9
1978,Cleveland Cavaliers,104.4
1978,Denver Nuggets,111.8
1978,Detroit Pistons,109
1978,Golden State Warriors,106.1
1978,Houston Rockets,103.8
1978,Indiana Pacers,108.6
1978,Kansas City Kings,109.5
1978,Los Angeles Lakers,110.3
1978,Milwaukee Bucks,112.4
1978,New Jersey Nets,106.7
1978,New Orleans Jazz,107.6
1978,New York Knicks,113.4
1978,Philadelphia 76ers,114.7
1978,Phoenix Suns,112.3
1978,Portland Trail Blazers,107.7
1978,San Antonio Spurs,114.5
1978,Seattle Supersonics,104.5
1978,Washington Bullets,110.3
1978,League Average,108.5
1977,Atlanta Hawks,102.4
1977,Boston Celtics,104.5
1977,Buffalo Braves,105
1977,Chicago Bulls,98.9
1977,Cleveland Cavaliers,102.1
1977,Denver Nuggets,112.6
1977,Detroit Pistons,109.4
1977,Golden State Warriors,110.9
1977,Houston Rockets,106.4
1977,Indiana Pacers,106.8
1977,Kansas City Kings,107.7
1977,Los Angeles Lakers,106.9
1977,Milwaukee Bucks,108.4
1977,New Orleans Jazz,104.6
1977,New York Knicks,108.6
1977,New York Nets,95.9
1977,Philadelphia 76ers,110.2
1977,Phoenix Suns,104.9
1977,Portland Trail Blazers,111.7
1977,San Antonio Spurs,115
1977,Seattle Supersonics,104
1977,Washington Bullets,105.5
1977,League Average,106.5
1976,Atlanta Hawks,102.6
1976,Boston Celtics,106.2
1976,Buffalo Braves,107.3
1976,Chicago Bulls,95.9
1976,Cleveland Cavaliers,101.7
1976,Detroit Pistons,104.9
1976,Denver Nuggets,121.9
1976,Golden State Warriors,109.8
1976,Houston Rockets,106.2
1976,Indiana Pacers,112.6
1976,Kansas City Kings,103.3
1976,Kentucky Colonels,111
1976,Los Angeles Lakers,106.9
1976,Milwaukee Bucks,101.8
1976,New Orleans Jazz,104.1
1976,New York Nets,111.8
1976,New York Knicks,102.7
1976,Philadelphia 76ers,106.5
1976,Phoenix Suns,105.1
1976,Portland Trail Blazers,104.1
1976,San Antonio Spurs,115.6
1976,San Diego Sails,98.8
1976,Seattle Supersonics,106.4
1976,Spirits Of St. Louis,108.9
1976,Utah Stars,114.9
1976,Virginia Squires,106.9
1976,Washington Bullets,102.8
1976,League Average,104.3
1976,League Average,112.5
1975,Atlanta Hawks,105.1
1975,Boston Celtics,106.5
1975,Buffalo Braves,107.8
1975,Chicago Bulls,98.1
1975,Cleveland Cavaliers,99
1975,Detroit Pistons,98.9
1975,Denver Nuggets,118.7
1975,Golden State Warriors,108.5
1975,Houston Rockets,103.9
1975,Indiana Pacers,112.8
1975,Kansas City-Omaha Kings,101.4
1975,Kentucky Colonels,108.9
1975,Los Angeles Lakers,103.2
1975,Milwaukee Bucks,100.7
1975,Memphis Sounds,103.5
1975,New Orleans Jazz,101.5
1975,New York Nets,111
1975,New York Knicks,100.4
1975,Philadelphia 76ers,99.8
1975,Phoenix Suns,101.2
1975,Portland Trail Blazers,103.8
1975,San Antonio Spurs,113.4
1975,San Diego Conquistadors,109.9
1975,Seattle Supersonics,103.1
1975,Spirits Of St. Louis,109
1975,Utah Stars,101.3
1975,Virginia Squires,99
1975,Washington Bullets,104.7
1975,League Average,102.6
1975,League Average,108.8
1974,Atlanta Hawks,108.6
1974,Boston Celtics,109
1974,Buffalo Braves,111.6
1974,Capital Bullets,101.9
1974,Carolina Cougars,110.5
1974,Chicago Bulls,102
1974,Cleveland Cavaliers,100.3
1974,Detroit Pistons,104.4
1974,Denver Rockets,107
1974,Golden State Warriors,109.9
1974,Houston Rockets,107.4
1974,Indiana Pacers,105.8
1974,Kansas City-Omaha Kings,102
1974,Kentucky Colonels,107.4
1974,Los Angeles Lakers,109.2
1974,Milwaukee Bucks,107.1
1974,Memphis Tams,101.2
1974,New York Nets,109.4
1974,New York Knicks,101.3
1974,Philadelphia 76ers,101.2
1974,Phoenix Suns,107.9
1974,Portland Trail Blazers,106.8
1974,San Antonio Spurs,97.6
1974,San Diego Conquistadors,113.2
1974,Seattle Supersonics,107
1974,Utah Stars,105.1
1974,Virginia Squires,106.3
1974,League Average,105.7
1974,League Average,106.4
1973,Atlanta Hawks,112.4
1973,Baltimore Bullets,105
1973,Boston Celtics,112.7
1973,Buffalo Braves,103.3
1973,Carolina Cougars,115.6
1973,Chicago Bulls,104.1
1973,Cleveland Cavaliers,102.7
1973,Detroit Pistons,110.3
1973,Dallas Chaparrals,110.7
1973,Denver Rockets,109.4
1973,Golden State Warriors,108.8
1973,Houston Rockets,112.8
1973,Indiana Pacers,114.7
1973,Kansas City-Omaha Kings,107.6
1973,Kentucky Colonels,111.9
1973,Los Angeles Lakers,111.7
1973,Milwaukee Bucks,107.2
1973,Memphis Tams,111.5
1973,New York Nets,103.6
1973,New York Knicks,105
1973,Philadelphia 76ers,104.1
1973,Phoenix Suns,111.6
1973,Portland Trail Blazers,106.2
1973,San Diego Conquistadors,109
1973,Seattle Supersonics,103.7
1973,Utah Stars,115.6
1973,Virginia Squires,114.1
1973,League Average,107.6
1973,League Average,111.6
1972,Atlanta Hawks,109.5
1972,Baltimore Bullets,107.1
1972,Boston Celtics,115.6
1972,Buffalo Braves,102
1972,Carolina Cougars,114.8
1972,Chicago Bulls,111.2
1972,Cincinnati Royals,107.8
1972,Cleveland Cavaliers,105.8
1972,Detroit Pistons,109.1
1972,Dallas Chaparrals,104.4
1972,Denver Rockets,111.9
1972,The Floridians,112.8
1972,Golden State Warriors,108.2
1972,Houston Rockets,109.7
1972,Indiana Pacers,112.9
1972,Kentucky Colonels,116
1972,Los Angeles Lakers,121
1972,Milwaukee Bucks,114.6
1972,Memphis Pros,107.5
1972,New York Nets,112.8
1972,New York Knicks,107.1
1972,Philadelphia 76ers,112.2
1972,Phoenix Suns,116.3
1972,Portland Trail Blazers,106.8
1972,Pittsburgh Condors,119.2
1972,Seattle Supersonics,109.2
1972,Utah Stars,117.8
1972,Virginia Squires,118.9
1972,League Average,110.2
1972,League Average,113.5
1971,Atlanta Hawks,114
1971,Baltimore Bullets,112.9
1971,Boston Celtics,117.2
1971,Buffalo Braves,105.5
1971,Carolina Cougars,115.3
1971,Chicago Bulls,110.6
1971,Cincinnati Royals,116
1971,Cleveland Cavaliers,102.1
1971,Detroit Pistons,110.1
1971,Denver Rockets,118.6
1971,The Floridians,114
1971,Indiana Pacers,119.1
1971,Kentucky Colonels,122.2
1971,Los Angeles Lakers,114.8
1971,Milwaukee Bucks,118.4
1971,Memphis Pros,109.2
1971,New York Nets,111
1971,New York Knicks,110.1
1971,Philadelphia 76ers,114.8
1971,Phoenix Suns,113.8
1971,Portland Trail Blazers,115.5
1971,Pittsburgh Condors,119.1
1971,San Diego Rockets,113.2
1971,Seattle Supersonics,115
1971,San Francisco Warriors,107.1
1971,Texas Chaparrals,121.5
1971,Utah Stars,119
1971,Virginia Squires,123.3
1971,League Average,112.4
1971,League Average,117.5
1970,Atlanta Hawks,117.6
1970,Baltimore Bullets,120.7
1970,Boston Celtics,114.9
1970,Carolina Cougars,106.8
1970,Chicago Bulls,114.9
1970,Cincinnati Royals,117.3
1970,Detroit Pistons,112.8
1970,Dallas Chaparrals,120
1970,Denver Rockets,115.4
1970,Indiana Pacers,113.2
1970,Kentucky Colonels,113.5
1970,Los Angeles Lakers,113.7
1970,Los Angeles Stars,113.7
1970,Milwaukee Bucks,118.8
1970,Miami Floridians,113.2
1970,New Orleans Buccaneers,107.9
1970,New York Nets,108.9
1970,New York Knicks,115
1970,Philadelphia 76ers,121.9
1970,Phoenix Suns,119.3
1970,Pittsburgh Pipers,112.4
1970,San Diego Rockets,118.7
1970,Seattle Supersonics,116.9
1970,San Francisco Warriors,111.1
1970,Washington Capitols,118.2
1970,League Average,116.7
1970,League Average,113
1969,Atlanta Hawks,111.3
1969,Baltimore Bullets,116.4
1969,Boston Celtics,111
1969,Chicago Bulls,104.7
1969,Cincinnati Royals,114.5
1969,Detroit Pistons,114.1
1969,Dallas Chaparrals,111
1969,Denver Rockets,114.9
1969,Houston Mavericks,111.3
1969,Indiana Pacers,119.6
1969,Kentucky Colonels,111.2
1969,Los Angeles Lakers,112.2
1969,Los Angeles Stars,114.4
1969,Milwaukee Bucks,110.2
1969,Miami Floridians,115.5
1969,Minnesota Pipers,114.3
1969,New Orleans Buccaneers,116.1
1969,New York Nets,108.5
1969,New York Knicks,110.8
1969,Oakland Oaks,126.5
1969,Philadelphia 76ers,118.9
1969,Phoenix Suns,111.7
1969,San Diego Rockets,115.3
1969,Seattle Supersonics,112.1
1969,San Francisco Warriors,109.1
1969,League Average,112.3
1969,League Average,114.8
1968,Anaheim Amigos,111.6
1968,Baltimore Bullets,117.4
1968,Boston Celtics,116.1
1968,Chicago Bulls,109.5
1968,Cincinnati Royals,116.6
1968,Detroit Pistons,118.6
1968,Dallas Chaparrals,109.9
1968,Denver Rockets,105.7
1968,Houston Mavericks,103.5
1968,Indiana Pacers,109.6
1968,Kentucky Colonels,104.5
1968,Los Angeles Lakers,121.2
1968,Minnesota Muskies,108.6
1968,New Jersey Americans,110.8
1968,New Orleans Buccaneers,111.7
1968,New York Knicks,116.1
1968,Oakland Oaks,110.8
1968,Philadelphia 76ers,122.6
1968,Pittsburgh Pipers,111.9
1968,San Diego Rockets,112.4
1968,Seattle Supersonics,118.7
1968,San Francisco Warriors,117
1968,St. Louis Hawks,113
1968,League Average,116.6
1968,League Average,109
1967,Baltimore Bullets,115.5
1967,Boston Celtics,119.3
1967,Chicago Bulls,113.2
1967,Cincinnati Royals,117.1
1967,Detroit Pistons,111.3
1967,Los Angeles Lakers,120.5
1967,New York Knicks,116.4
1967,Philadelphia 76ers,125.2
1967,San Francisco Warriors,122.4
1967,St. Louis Hawks,113.6
1967,League Average,117.4
1966,Baltimore Bullets,118.3
1966,Boston Celtics,112.7
1966,Cincinnati Royals,117.8
1966,Detroit Pistons,110.3
1966,Los Angeles Lakers,119.5
1966,New York Knicks,116.7
1966,Philadelphia 76ers,117.3
1966,San Francisco Warriors,115.5
1966,St. Louis Hawks,111.4
1966,League Average,115.5
1965,Baltimore Bullets,113.6
1965,Boston Celtics,112.8
1965,Cincinnati Royals,114.2
1965,Detroit Pistons,108.5
1965,Los Angeles Lakers,111.9
1965,New York Knicks,107.4
1965,Philadelphia 76ers,112.5
1965,San Francisco Warriors,105.8
1965,St. Louis Hawks,108.8
1965,League Average,110.6
1964,Baltimore Bullets,111.9
1964,Boston Celtics,113
1964,Cincinnati Royals,114.7
1964,Detroit Pistons,107.8
1964,Los Angeles Lakers,109.7
1964,New York Knicks,112.2
1964,Philadelphia 76ers,112.2
1964,San Francisco Warriors,107.7
1964,St. Louis Hawks,110
1964,League Average,111
1963,Boston Celtics,118.8
1963,Chicago Zephyrs,109.9
1963,Cincinnati Royals,119.1
1963,Detroit Pistons,113.9
1963,Los Angeles Lakers,115.5
1963,New York Knicks,110.5
1963,San Francisco Warriors,118.5
1963,St. Louis Hawks,109.6
1963,Syracuse Nationals,121.6
1963,League Average,115.3
1962,Boston Celtics,121.1
1962,Chicago Packers,110.9
1962,Cincinnati Royals,123.1
1962,Detroit Pistons,115.4
1962,Los Angeles Lakers,118.5
1962,New York Knicks,114.8
1962,Philadelphia Warriors,125.4
1962,St. Louis Hawks,118.9
1962,Syracuse Nationals,120.7
1962,League Average,118.8
1961,Boston Celtics,119.7
1961,Cincinnati Royals,117.9
1961,Detroit Pistons,118.6
1961,Los Angeles Lakers,114
1961,New York Knicks,113.7
1961,Philadelphia Warriors,121
1961,St. Louis Hawks,118.8
1961,Syracuse Nationals,121.3
1961,League Average,118.1
1960,Boston Celtics,124.5
1960,Cincinnati Royals,111.1
1960,Detroit Pistons,111.6
1960,Minneapolis Lakers,107.3
1960,New York Knicks,117.3
1960,Philadelphia Warriors,118.6
1960,St. Louis Hawks,113.4
1960,Syracuse Nationals,118.9
1960,League Average,115.3
1959,Boston Celtics,116.4
1959,Cincinnati Royals,103.1
1959,Detroit Pistons,105.1
1959,Minneapolis Lakers,106
1959,New York Knicks,110.3
1959,Philadelphia Warriors,103.3
1959,St. Louis Hawks,108.8
1959,Syracuse Nationals,113.1
1959,League Average,108.2
1958,Boston Celtics,109.9
1958,Cincinnati Royals,101.7
1958,Detroit Pistons,105.3
1958,Minneapolis Lakers,105.1
1958,New York Knicks,112.1
1958,Philadelphia Warriors,104.3
1958,St. Louis Hawks,107.5
1958,Syracuse Nationals,107.2
1958,League Average,106.6
1957,Boston Celtics,105.5
1957,Fort Wayne Pistons,96.4
1957,Minneapolis Lakers,102.3
1957,New York Knicks,100.8
1957,Philadelphia Warriors,100.4
1957,Rochester Royals,93.4
1957,St. Louis Hawks,98.5
1957,Syracuse Nationals,99.7
1957,League Average,99.6
1956,Boston Celtics,106
1956,Fort Wayne Pistons,94.4
1956,Minneapolis Lakers,99.3
1956,New York Knicks,100.2
1956,Philadelphia Warriors,103.1
1956,Rochester Royals,95.8
1956,St. Louis Hawks,96.6
1956,Syracuse Nationals,96.9
1956,League Average,99
1955,Baltimore Bullets,NA
1955,Boston Celtics,101.5
1955,Fort Wayne Pistons,92.4
1955,Milwaukee Hawks,87.4
1955,Minneapolis Lakers,95.6
1955,New York Knicks,92.7
1955,Philadelphia Warriors,93.2
1955,Rochester Royals,90.8
1955,Syracuse Nationals,91.1
1955,League Average,93.1
1954,Baltimore Bullets,78.3
1954,Boston Celtics,87.7
1954,Fort Wayne Pistons,77.7
1954,Milwaukee Hawks,70
1954,Minneapolis Lakers,81.7
1954,New York Knicks,79
1954,Philadelphia Warriors,78.2
1954,Rochester Royals,79.8
1954,Syracuse Nationals,83.5
1954,League Average,79.5
1953,Baltimore Bullets,84.4
1953,Boston Celtics,88.1
1953,Fort Wayne Pistons,81
1953,Indianapolis Olympians,74.6
1953,Milwaukee Hawks,75.9
1953,Minneapolis Lakers,85.3
1953,New York Knicks,85.5
1953,Philadelphia Warriors,80.2
1953,Rochester Royals,86.3
1953,Syracuse Nationals,85.6
1953,League Average,82.7
1952,Baltimore Bullets,81.5
1952,Boston Celtics,91.3
1952,Fort Wayne Pistons,78
1952,Indianapolis Olympians,82.9
1952,Milwaukee Hawks,73.2
1952,Minneapolis Lakers,85.6
1952,New York Knicks,85
1952,Philadelphia Warriors,86.5
1952,Rochester Royals,86.2
1952,Syracuse Nationals,86.7
1952,League Average,83.7
1951,Baltimore Bullets,82
1951,Boston Celtics,85.2
1951,Fort Wayne Pistons,84.1
1951,Indianapolis Olympians,81.7
1951,Minneapolis Lakers,82.8
1951,New York Knicks,85.8
1951,Philadelphia Warriors,85.4
1951,Rochester Royals,84.6
1951,Syracuse Nationals,86.1
1951,Tri-Cities Blackhawks,84.3
1951,Washington Capitols,81.3
1951,League Average,84.1
1950,Anderson Packers,87.3
1950,Baltimore Bullets,73.1
1950,Boston Celtics,79.7
1950,Chicago Stags,78.7
1950,Denver Nuggets,77.7
1950,Fort Wayne Pistons,79.3
1950,Indianapolis Olympians,85.8
1950,Minneapolis Lakers,84.1
1950,New York Knicks,80.7
1950,Philadelphia Warriors,73.3
1950,Rochester Royals,82.4
1950,Sheboygan Red Skins,82.4
1950,St. Louis Bombers,73.7
1950,Syracuse Nationals,84.8
1950,Tri-Cities Blackhawks,83
1950,Waterloo Hawks,79.4
1950,Washington Capitols,76.5
1950,League Average,80
1949,Baltimore Bullets,83.6
1949,Boston Celtics,76.6
1949,Chicago Stags,84
1949,Fort Wayne Pistons,74.3
1949,Indianapolis Jets,74.7
1949,Minneapolis Lakers,84
1949,New York Knicks,79.2
1949,Philadelphia Warriors,83.7
1949,Providence Steamrollers,78.5
1949,Rochester Royals,84
1949,St. Louis Bombers,75.8
1949,Washington Capitols,81.8
1949,League Average,80
1948,Baltimore Bullets,74.4
1948,Boston Celtics,68.8
1948,Chicago Stags,75.8
1948,New York Knicks,74.5
1948,Philadelphia Warriors,73.4
1948,Providence Steamrollers,69.1
1948,St. Louis Bombers,71.5
1948,Washington Capitols,73.7
1948,League Average,72.7
1947,Boston Celtics,60.1
1947,Chicago Stags,77
1947,Cleveland Rebels,70.9
1947,Detroit Falcons,63.3
1947,New York Knicks,64.7
1947,Philadelphia Warriors,68.6
1947,Pittsburgh Ironmen,61.2
1947,Providence Steamrollers,72.5
1947,St. Louis Bombers,66.6
1947,Toronto Huskies,66.6
1947,Washington Capitols,73.8
1947,League Average,67.8
