player,team,lg,season,replaced,conference,team_captain
Bam Adebayo,East,NBA,2024,FALSE,East,N/A
Giannis Antetokounmpo,East,NBA,2024,FALSE,East,N/A
Paolo Banchero,East,NBA,2024,FALSE,East,N/A
Scottie Barnes,East,NBA,2024,FALSE,East,N/A
Jaylen Brown,East,NBA,2024,FALSE,East,N/A
Jalen Brunson,East,NBA,2024,FALSE,East,N/A
Joel Embiid,East,NBA,2024,FALSE,East,N/A
Tyrese Haliburton,East,NBA,2024,FALSE,East,N/A
Damian Lillard,East,NBA,2024,FALSE,East,N/A
Tyrese Maxey,East,NBA,2024,FALSE,East,N/A
Donovan Mitchell,East,NBA,2024,FALSE,East,N/A
Julius Randle,East,NBA,2024,FALSE,East,N/A
Jayson Tatum,East,NBA,2024,FALSE,East,N/A
Trae Young,East,NBA,2024,FALSE,East,N/A
Devin Booker,West,NBA,2024,FALSE,West,N/A
Stephen Curry,West,NBA,2024,FALSE,West,N/A
Anthony Davis,West,NBA,2024,FALSE,West,N/A
Luka Dončić,West,NBA,2024,FALSE,West,N/A
Kevin Durant,West,NBA,2024,FALSE,West,N/A
Anthony Edwards,West,NBA,2024,FALSE,West,N/A
Paul George,West,NBA,2024,FALSE,West,N/A
Shai Gilgeous-Alexander,West,NBA,2024,FALSE,West,N/A
LeBron James,West,NBA,2024,FALSE,West,N/A
Nikola Jokić,West,NBA,2024,FALSE,West,N/A
Kawhi Leonard,West,NBA,2024,FALSE,West,N/A
Karl-Anthony Towns,West,NBA,2024,FALSE,West,N/A
Bam Adebayo,Team Giannis,NBA,2023,FALSE,East,Giannis
Giannis Antetokounmpo,Team Giannis,NBA,2023,FALSE,East,Giannis
DeMar DeRozan,Team Giannis,NBA,2023,FALSE,East,Giannis
Kevin Durant,Team Giannis,NBA,2023,FALSE,East,Giannis
Shai Gilgeous-Alexander,Team Giannis,NBA,2023,FALSE,East,Giannis
Jrue Holiday,Team Giannis,NBA,2023,FALSE,East,Giannis
Damian Lillard,Team Giannis,NBA,2023,FALSE,East,Giannis
Lauri Markkanen,Team Giannis,NBA,2023,FALSE,East,Giannis
Donovan Mitchell,Team Giannis,NBA,2023,FALSE,East,Giannis
Ja Morant,Team Giannis,NBA,2023,FALSE,East,Giannis
Domantas Sabonis,Team Giannis,NBA,2023,FALSE,East,Giannis
Pascal Siakam,Team Giannis,NBA,2023,FALSE,East,Giannis
Jayson Tatum,Team Giannis,NBA,2023,FALSE,East,Giannis
Jaylen Brown,Team LeBron,NBA,2023,FALSE,West,LeBron
Stephen Curry,Team LeBron,NBA,2023,FALSE,West,LeBron
Luka Dončić,Team LeBron,NBA,2023,FALSE,West,LeBron
Anthony Edwards,Team LeBron,NBA,2023,FALSE,West,LeBron
Joel Embiid,Team LeBron,NBA,2023,FALSE,West,LeBron
De'Aaron Fox,Team LeBron,NBA,2023,FALSE,West,LeBron
Paul George,Team LeBron,NBA,2023,FALSE,West,LeBron
Tyrese Haliburton,Team LeBron,NBA,2023,FALSE,West,LeBron
Kyrie Irving,Team LeBron,NBA,2023,FALSE,West,LeBron
Jaren Jackson Jr.,Team LeBron,NBA,2023,FALSE,West,LeBron
LeBron James,Team LeBron,NBA,2023,FALSE,West,LeBron
Nikola Jokić,Team LeBron,NBA,2023,FALSE,West,LeBron
Julius Randle,Team LeBron,NBA,2023,FALSE,West,LeBron
Zion Williamson,Team LeBron,NBA,2023,FALSE,West,LeBron
LaMelo Ball,Team Durant,NBA,2022,FALSE,East,Durant
Devin Booker,Team Durant,NBA,2022,FALSE,East,Durant
Kevin Durant,Team Durant,NBA,2022,FALSE,East,Durant
Joel Embiid,Team Durant,NBA,2022,FALSE,East,Durant
Rudy Gobert,Team Durant,NBA,2022,FALSE,East,Durant
Draymond Green,Team Durant,NBA,2022,FALSE,East,Durant
Zach LaVine,Team Durant,NBA,2022,FALSE,East,Durant
Khris Middleton,Team Durant,NBA,2022,FALSE,East,Durant
Ja Morant,Team Durant,NBA,2022,FALSE,East,Durant
Dejounte Murray,Team Durant,NBA,2022,FALSE,East,Durant
Jayson Tatum,Team Durant,NBA,2022,FALSE,East,Durant
Karl-Anthony Towns,Team Durant,NBA,2022,FALSE,East,Durant
Andrew Wiggins,Team Durant,NBA,2022,FALSE,East,Durant
Trae Young,Team Durant,NBA,2022,FALSE,East,Durant
Jarrett Allen,Team LeBron,NBA,2022,FALSE,West,LeBron
Giannis Antetokounmpo,Team LeBron,NBA,2022,FALSE,West,LeBron
Jimmy Butler,Team LeBron,NBA,2022,FALSE,West,LeBron
Stephen Curry,Team LeBron,NBA,2022,FALSE,West,LeBron
DeMar DeRozan,Team LeBron,NBA,2022,FALSE,West,LeBron
Luka Dončić,Team LeBron,NBA,2022,FALSE,West,LeBron
Darius Garland,Team LeBron,NBA,2022,FALSE,West,LeBron
James Harden,Team LeBron,NBA,2022,FALSE,West,LeBron
LeBron James,Team LeBron,NBA,2022,FALSE,West,LeBron
Nikola Jokić,Team LeBron,NBA,2022,FALSE,West,LeBron
Donovan Mitchell,Team LeBron,NBA,2022,FALSE,West,LeBron
Chris Paul,Team LeBron,NBA,2022,FALSE,West,LeBron
Fred VanVleet,Team LeBron,NBA,2022,FALSE,West,LeBron
Bradley Beal,Team Durant,NBA,2021,FALSE,East,Durant
Devin Booker,Team Durant,NBA,2021,FALSE,East,Durant
Mike Conley,Team Durant,NBA,2021,FALSE,East,Durant
Anthony Davis,Team Durant,NBA,2021,FALSE,East,Durant
Kevin Durant,Team Durant,NBA,2021,FALSE,East,Durant
Joel Embiid,Team Durant,NBA,2021,FALSE,East,Durant
James Harden,Team Durant,NBA,2021,FALSE,East,Durant
Kyrie Irving,Team Durant,NBA,2021,FALSE,East,Durant
Zach LaVine,Team Durant,NBA,2021,FALSE,East,Durant
Kawhi Leonard,Team Durant,NBA,2021,FALSE,East,Durant
Donovan Mitchell,Team Durant,NBA,2021,FALSE,East,Durant
Julius Randle,Team Durant,NBA,2021,FALSE,East,Durant
Jayson Tatum,Team Durant,NBA,2021,FALSE,East,Durant
Nikola Vučević,Team Durant,NBA,2021,FALSE,East,Durant
Zion Williamson,Team Durant,NBA,2021,FALSE,East,Durant
Giannis Antetokounmpo,Team LeBron,NBA,2021,FALSE,West,LeBron
Jaylen Brown,Team LeBron,NBA,2021,FALSE,West,LeBron
Stephen Curry,Team LeBron,NBA,2021,FALSE,West,LeBron
Luka Dončić,Team LeBron,NBA,2021,FALSE,West,LeBron
Paul George,Team LeBron,NBA,2021,FALSE,West,LeBron
Rudy Gobert,Team LeBron,NBA,2021,FALSE,West,LeBron
LeBron James,Team LeBron,NBA,2021,FALSE,West,LeBron
Nikola Jokić,Team LeBron,NBA,2021,FALSE,West,LeBron
Damian Lillard,Team LeBron,NBA,2021,FALSE,West,LeBron
Chris Paul,Team LeBron,NBA,2021,FALSE,West,LeBron
Domantas Sabonis,Team LeBron,NBA,2021,FALSE,West,LeBron
Ben Simmons,Team LeBron,NBA,2021,FALSE,West,LeBron
Bam Adebayo,Team Giannis,NBA,2020,FALSE,East,Giannis
Giannis Antetokounmpo,Team Giannis,NBA,2020,FALSE,East,Giannis
Jimmy Butler,Team Giannis,NBA,2020,FALSE,East,Giannis
Joel Embiid,Team Giannis,NBA,2020,FALSE,East,Giannis
Rudy Gobert,Team Giannis,NBA,2020,FALSE,East,Giannis
Brandon Ingram,Team Giannis,NBA,2020,FALSE,East,Giannis
Kyle Lowry,Team Giannis,NBA,2020,FALSE,East,Giannis
Khris Middleton,Team Giannis,NBA,2020,FALSE,East,Giannis
Donovan Mitchell,Team Giannis,NBA,2020,FALSE,East,Giannis
Pascal Siakam,Team Giannis,NBA,2020,FALSE,East,Giannis
Kemba Walker,Team Giannis,NBA,2020,FALSE,East,Giannis
Trae Young,Team Giannis,NBA,2020,FALSE,East,Giannis
Devin Booker,Team LeBron,NBA,2020,FALSE,West,LeBron
Anthony Davis,Team LeBron,NBA,2020,FALSE,West,LeBron
Luka Dončić,Team LeBron,NBA,2020,FALSE,West,LeBron
James Harden,Team LeBron,NBA,2020,FALSE,West,LeBron
LeBron James,Team LeBron,NBA,2020,FALSE,West,LeBron
Nikola Jokić,Team LeBron,NBA,2020,FALSE,West,LeBron
Kawhi Leonard,Team LeBron,NBA,2020,FALSE,West,LeBron
Damian Lillard,Team LeBron,NBA,2020,FALSE,West,LeBron
Chris Paul,Team LeBron,NBA,2020,FALSE,West,LeBron
Domantas Sabonis,Team LeBron,NBA,2020,FALSE,West,LeBron
Ben Simmons,Team LeBron,NBA,2020,FALSE,West,LeBron
Jayson Tatum,Team LeBron,NBA,2020,FALSE,West,LeBron
Russell Westbrook,Team LeBron,NBA,2020,FALSE,West,LeBron
Giannis Antetokounmpo,Team Giannis,NBA,2019,FALSE,East,Giannis
Stephen Curry,Team Giannis,NBA,2019,FALSE,East,Giannis
Joel Embiid,Team Giannis,NBA,2019,FALSE,East,Giannis
Paul George,Team Giannis,NBA,2019,FALSE,East,Giannis
Blake Griffin,Team Giannis,NBA,2019,FALSE,East,Giannis
Nikola Jokić,Team Giannis,NBA,2019,FALSE,East,Giannis
Kyle Lowry,Team Giannis,NBA,2019,FALSE,East,Giannis
Khris Middleton,Team Giannis,NBA,2019,FALSE,East,Giannis
Dirk Nowitzki,Team Giannis,NBA,2019,FALSE,East,Giannis
Victor Oladipo,Team Giannis,NBA,2019,TRUE,East,Giannis
D'Angelo Russell,Team Giannis,NBA,2019,FALSE,East,Giannis
Nikola Vučević,Team Giannis,NBA,2019,FALSE,East,Giannis
Kemba Walker,Team Giannis,NBA,2019,FALSE,East,Giannis
Russell Westbrook,Team Giannis,NBA,2019,FALSE,East,Giannis
LaMarcus Aldridge,Team LeBron,NBA,2019,FALSE,West,LeBron
Bradley Beal,Team LeBron,NBA,2019,FALSE,West,LeBron
Anthony Davis,Team LeBron,NBA,2019,FALSE,West,LeBron
Kevin Durant,Team LeBron,NBA,2019,FALSE,West,LeBron
James Harden,Team LeBron,NBA,2019,FALSE,West,LeBron
Kyrie Irving,Team LeBron,NBA,2019,FALSE,West,LeBron
LeBron James,Team LeBron,NBA,2019,FALSE,West,LeBron
Kawhi Leonard,Team LeBron,NBA,2019,FALSE,West,LeBron
Damian Lillard,Team LeBron,NBA,2019,FALSE,West,LeBron
Ben Simmons,Team LeBron,NBA,2019,FALSE,West,LeBron
Klay Thompson,Team LeBron,NBA,2019,FALSE,West,LeBron
Karl-Anthony Towns,Team LeBron,NBA,2019,FALSE,West,LeBron
Dwyane Wade,Team LeBron,NBA,2019,FALSE,West,LeBron
LaMarcus Aldridge,Team LeBron,NBA,2018,FALSE,West,LeBron
Bradley Beal,Team LeBron,NBA,2018,FALSE,West,LeBron
DeMarcus Cousins,Team LeBron,NBA,2018,TRUE,West,LeBron
Anthony Davis,Team LeBron,NBA,2018,FALSE,West,LeBron
Goran Dragić,Team LeBron,NBA,2018,FALSE,West,LeBron
Andre Drummond,Team LeBron,NBA,2018,FALSE,West,LeBron
Kevin Durant,Team LeBron,NBA,2018,FALSE,West,LeBron
Paul George,Team LeBron,NBA,2018,FALSE,West,LeBron
Kyrie Irving,Team LeBron,NBA,2018,FALSE,West,LeBron
LeBron James,Team LeBron,NBA,2018,FALSE,West,LeBron
Kevin Love,Team LeBron,NBA,2018,TRUE,West,LeBron
Victor Oladipo,Team LeBron,NBA,2018,FALSE,West,LeBron
Kristaps Porziņģis,Team LeBron,NBA,2018,TRUE,West,LeBron
Kemba Walker,Team LeBron,NBA,2018,FALSE,West,LeBron
John Wall,Team LeBron,NBA,2018,TRUE,West,LeBron
Russell Westbrook,Team LeBron,NBA,2018,FALSE,West,LeBron
Giannis Antetokounmpo,Team Stephen,NBA,2018,FALSE,West,Stephen
Jimmy Butler,Team Stephen,NBA,2018,TRUE,West,Stephen
Stephen Curry,Team Stephen,NBA,2018,FALSE,West,Stephen
DeMar DeRozan,Team Stephen,NBA,2018,FALSE,West,Stephen
Joel Embiid,Team Stephen,NBA,2018,FALSE,West,Stephen
Draymond Green,Team Stephen,NBA,2018,FALSE,West,Stephen
James Harden,Team Stephen,NBA,2018,FALSE,West,Stephen
Al Horford,Team Stephen,NBA,2018,FALSE,West,Stephen
Damian Lillard,Team Stephen,NBA,2018,FALSE,West,Stephen
Kyle Lowry,Team Stephen,NBA,2018,FALSE,West,Stephen
Klay Thompson,Team Stephen,NBA,2018,FALSE,West,Stephen
Karl-Anthony Towns,Team Stephen,NBA,2018,FALSE,West,Stephen
Giannis Antetokounmpo,East,NBA,2017,FALSE,East,N/A
Carmelo Anthony,East,NBA,2017,FALSE,East,N/A
Jimmy Butler,East,NBA,2017,FALSE,East,N/A
DeMar DeRozan,East,NBA,2017,FALSE,East,N/A
Paul George,East,NBA,2017,FALSE,East,N/A
Kyrie Irving,East,NBA,2017,FALSE,East,N/A
LeBron James,East,NBA,2017,FALSE,East,N/A
Kevin Love,East,NBA,2017,TRUE,East,N/A
Kyle Lowry,East,NBA,2017,FALSE,East,N/A
Paul Millsap,East,NBA,2017,FALSE,East,N/A
Isaiah Thomas,East,NBA,2017,FALSE,East,N/A
Kemba Walker,East,NBA,2017,FALSE,East,N/A
John Wall,East,NBA,2017,FALSE,East,N/A
DeMarcus Cousins,West,NBA,2017,FALSE,West,N/A
Stephen Curry,West,NBA,2017,FALSE,West,N/A
Anthony Davis,West,NBA,2017,FALSE,West,N/A
Kevin Durant,West,NBA,2017,FALSE,West,N/A
Marc Gasol,West,NBA,2017,FALSE,West,N/A
Draymond Green,West,NBA,2017,FALSE,West,N/A
James Harden,West,NBA,2017,FALSE,West,N/A
Gordon Hayward,West,NBA,2017,FALSE,West,N/A
DeAndre Jordan,West,NBA,2017,FALSE,West,N/A
Kawhi Leonard,West,NBA,2017,FALSE,West,N/A
Klay Thompson,West,NBA,2017,FALSE,West,N/A
Russell Westbrook,West,NBA,2017,FALSE,West,N/A
Carmelo Anthony,East,NBA,2016,FALSE,East,N/A
Chris Bosh,East,NBA,2016,TRUE,East,N/A
Jimmy Butler,East,NBA,2016,TRUE,East,N/A
DeMar DeRozan,East,NBA,2016,FALSE,East,N/A
Andre Drummond,East,NBA,2016,FALSE,East,N/A
Pau Gasol,East,NBA,2016,FALSE,East,N/A
Paul George,East,NBA,2016,FALSE,East,N/A
Al Horford,East,NBA,2016,FALSE,East,N/A
LeBron James,East,NBA,2016,FALSE,East,N/A
Kyle Lowry,East,NBA,2016,FALSE,East,N/A
Paul Millsap,East,NBA,2016,FALSE,East,N/A
Isaiah Thomas,East,NBA,2016,FALSE,East,N/A
Dwyane Wade,East,NBA,2016,FALSE,East,N/A
John Wall,East,NBA,2016,FALSE,East,N/A
LaMarcus Aldridge,West,NBA,2016,FALSE,West,N/A
Kobe Bryant,West,NBA,2016,FALSE,West,N/A
DeMarcus Cousins,West,NBA,2016,FALSE,West,N/A
Stephen Curry,West,NBA,2016,FALSE,West,N/A
Anthony Davis,West,NBA,2016,FALSE,West,N/A
Kevin Durant,West,NBA,2016,FALSE,West,N/A
Draymond Green,West,NBA,2016,FALSE,West,N/A
James Harden,West,NBA,2016,FALSE,West,N/A
Kawhi Leonard,West,NBA,2016,FALSE,West,N/A
Chris Paul,West,NBA,2016,FALSE,West,N/A
Klay Thompson,West,NBA,2016,FALSE,West,N/A
Russell Westbrook,West,NBA,2016,FALSE,West,N/A
Carmelo Anthony,East,NBA,2015,FALSE,East,N/A
Chris Bosh,East,NBA,2015,FALSE,East,N/A
Jimmy Butler,East,NBA,2015,FALSE,East,N/A
Pau Gasol,East,NBA,2015,FALSE,East,N/A
Al Horford,East,NBA,2015,FALSE,East,N/A
Kyrie Irving,East,NBA,2015,FALSE,East,N/A
LeBron James,East,NBA,2015,FALSE,East,N/A
Kyle Korver,East,NBA,2015,FALSE,East,N/A
Kyle Lowry,East,NBA,2015,FALSE,East,N/A
Paul Millsap,East,NBA,2015,FALSE,East,N/A
Jeff Teague,East,NBA,2015,FALSE,East,N/A
Dwyane Wade,East,NBA,2015,FALSE,East,N/A
John Wall,East,NBA,2015,FALSE,East,N/A
LaMarcus Aldridge,West,NBA,2015,FALSE,West,N/A
Kobe Bryant,West,NBA,2015,FALSE,West,N/A
DeMarcus Cousins,West,NBA,2015,FALSE,West,N/A
Stephen Curry,West,NBA,2015,FALSE,West,N/A
Anthony Davis,West,NBA,2015,FALSE,West,N/A
Tim Duncan,West,NBA,2015,FALSE,West,N/A
Kevin Durant,West,NBA,2015,FALSE,West,N/A
Marc Gasol,West,NBA,2015,FALSE,West,N/A
Blake Griffin,West,NBA,2015,FALSE,West,N/A
James Harden,West,NBA,2015,FALSE,West,N/A
Damian Lillard,West,NBA,2015,FALSE,West,N/A
Dirk Nowitzki,West,NBA,2015,FALSE,West,N/A
Chris Paul,West,NBA,2015,FALSE,West,N/A
Klay Thompson,West,NBA,2015,FALSE,West,N/A
Russell Westbrook,West,NBA,2015,FALSE,West,N/A
Carmelo Anthony,East,NBA,2014,FALSE,East,N/A
Chris Bosh,East,NBA,2014,FALSE,East,N/A
DeMar DeRozan,East,NBA,2014,FALSE,East,N/A
Paul George,East,NBA,2014,FALSE,East,N/A
Roy Hibbert,East,NBA,2014,FALSE,East,N/A
Kyrie Irving,East,NBA,2014,FALSE,East,N/A
LeBron James,East,NBA,2014,FALSE,East,N/A
Joe Johnson,East,NBA,2014,FALSE,East,N/A
Paul Millsap,East,NBA,2014,FALSE,East,N/A
Joakim Noah,East,NBA,2014,FALSE,East,N/A
Dwyane Wade,East,NBA,2014,FALSE,East,N/A
John Wall,East,NBA,2014,FALSE,East,N/A
LaMarcus Aldridge,West,NBA,2014,FALSE,West,N/A
Kobe Bryant,West,NBA,2014,TRUE,West,N/A
Stephen Curry,West,NBA,2014,FALSE,West,N/A
Anthony Davis,West,NBA,2014,FALSE,West,N/A
Kevin Durant,West,NBA,2014,FALSE,West,N/A
Blake Griffin,West,NBA,2014,FALSE,West,N/A
James Harden,West,NBA,2014,FALSE,West,N/A
Dwight Howard,West,NBA,2014,FALSE,West,N/A
Damian Lillard,West,NBA,2014,FALSE,West,N/A
Kevin Love,West,NBA,2014,FALSE,West,N/A
Dirk Nowitzki,West,NBA,2014,FALSE,West,N/A
Tony Parker,West,NBA,2014,FALSE,West,N/A
Chris Paul,West,NBA,2014,FALSE,West,N/A
Carmelo Anthony,East,NBA,2013,FALSE,East,N/A
Chris Bosh,East,NBA,2013,FALSE,East,N/A
Tyson Chandler,East,NBA,2013,FALSE,East,N/A
Luol Deng,East,NBA,2013,FALSE,East,N/A
Kevin Garnett,East,NBA,2013,FALSE,East,N/A
Paul George,East,NBA,2013,FALSE,East,N/A
Jrue Holiday,East,NBA,2013,FALSE,East,N/A
Kyrie Irving,East,NBA,2013,FALSE,East,N/A
LeBron James,East,NBA,2013,FALSE,East,N/A
Brook Lopez,East,NBA,2013,FALSE,East,N/A
Joakim Noah,East,NBA,2013,FALSE,East,N/A
Rajon Rondo,East,NBA,2013,TRUE,East,N/A
Dwyane Wade,East,NBA,2013,FALSE,East,N/A
LaMarcus Aldridge,West,NBA,2013,FALSE,West,N/A
Kobe Bryant,West,NBA,2013,FALSE,West,N/A
Tim Duncan,West,NBA,2013,FALSE,West,N/A
Kevin Durant,West,NBA,2013,FALSE,West,N/A
Blake Griffin,West,NBA,2013,FALSE,West,N/A
James Harden,West,NBA,2013,FALSE,West,N/A
Dwight Howard,West,NBA,2013,FALSE,West,N/A
David Lee,West,NBA,2013,FALSE,West,N/A
Tony Parker,West,NBA,2013,FALSE,West,N/A
Chris Paul,West,NBA,2013,FALSE,West,N/A
Zach Randolph,West,NBA,2013,FALSE,West,N/A
Russell Westbrook,West,NBA,2013,FALSE,West,N/A
Carmelo Anthony,East,NBA,2012,FALSE,East,N/A
Chris Bosh,East,NBA,2012,FALSE,East,N/A
Luol Deng,East,NBA,2012,FALSE,East,N/A
Roy Hibbert,East,NBA,2012,FALSE,East,N/A
Dwight Howard,East,NBA,2012,FALSE,East,N/A
Andre Iguodala,East,NBA,2012,FALSE,East,N/A
LeBron James,East,NBA,2012,FALSE,East,N/A
Joe Johnson,East,NBA,2012,TRUE,East,N/A
Paul Pierce,East,NBA,2012,FALSE,East,N/A
Rajon Rondo,East,NBA,2012,FALSE,East,N/A
Derrick Rose,East,NBA,2012,FALSE,East,N/A
Dwyane Wade,East,NBA,2012,FALSE,East,N/A
Deron Williams,East,NBA,2012,FALSE,East,N/A
LaMarcus Aldridge,West,NBA,2012,FALSE,West,N/A
Kobe Bryant,West,NBA,2012,FALSE,West,N/A
Andrew Bynum,West,NBA,2012,FALSE,West,N/A
Kevin Durant,West,NBA,2012,FALSE,West,N/A
Marc Gasol,West,NBA,2012,FALSE,West,N/A
Blake Griffin,West,NBA,2012,FALSE,West,N/A
Kevin Love,West,NBA,2012,FALSE,West,N/A
Steve Nash,West,NBA,2012,FALSE,West,N/A
Dirk Nowitzki,West,NBA,2012,FALSE,West,N/A
Tony Parker,West,NBA,2012,FALSE,West,N/A
Chris Paul,West,NBA,2012,FALSE,West,N/A
Russell Westbrook,West,NBA,2012,FALSE,West,N/A
Ray Allen,East,NBA,2011,FALSE,East,N/A
Chris Bosh,East,NBA,2011,FALSE,East,N/A
Kevin Garnett,East,NBA,2011,FALSE,East,N/A
Al Horford,East,NBA,2011,FALSE,East,N/A
Dwight Howard,East,NBA,2011,FALSE,East,N/A
LeBron James,East,NBA,2011,FALSE,East,N/A
Joe Johnson,East,NBA,2011,FALSE,East,N/A
Paul Pierce,East,NBA,2011,FALSE,East,N/A
Rajon Rondo,East,NBA,2011,FALSE,East,N/A
Derrick Rose,East,NBA,2011,FALSE,East,N/A
Amar'e Stoudemire,East,NBA,2011,FALSE,East,N/A
Dwyane Wade,East,NBA,2011,FALSE,East,N/A
Carmelo Anthony,West,NBA,2011,FALSE,West,N/A
Kobe Bryant,West,NBA,2011,FALSE,West,N/A
Tim Duncan,West,NBA,2011,FALSE,West,N/A
Kevin Durant,West,NBA,2011,FALSE,West,N/A
Pau Gasol,West,NBA,2011,FALSE,West,N/A
Manu Ginóbili,West,NBA,2011,FALSE,West,N/A
Blake Griffin,West,NBA,2011,FALSE,West,N/A
Kevin Love,West,NBA,2011,FALSE,West,N/A
Yao Ming,West,NBA,2011,TRUE,West,N/A
Dirk Nowitzki,West,NBA,2011,FALSE,West,N/A
Chris Paul,West,NBA,2011,FALSE,West,N/A
Russell Westbrook,West,NBA,2011,FALSE,West,N/A
Deron Williams,West,NBA,2011,FALSE,West,N/A
Chris Bosh,East,NBA,2010,FALSE,East,N/A
Kevin Garnett,East,NBA,2010,FALSE,East,N/A
Al Horford,East,NBA,2010,FALSE,East,N/A
Dwight Howard,East,NBA,2010,FALSE,East,N/A
Allen Iverson,East,NBA,2010,TRUE,East,N/A
LeBron James,East,NBA,2010,FALSE,East,N/A
Joe Johnson,East,NBA,2010,FALSE,East,N/A
David Lee,East,NBA,2010,FALSE,East,N/A
Paul Pierce,East,NBA,2010,FALSE,East,N/A
Rajon Rondo,East,NBA,2010,FALSE,East,N/A
Derrick Rose,East,NBA,2010,FALSE,East,N/A
Dwyane Wade,East,NBA,2010,FALSE,East,N/A
Gerald Wallace,East,NBA,2010,FALSE,East,N/A
Carmelo Anthony,West,NBA,2010,FALSE,West,N/A
Chauncey Billups,West,NBA,2010,FALSE,West,N/A
Kobe Bryant,West,NBA,2010,TRUE,West,N/A
Tim Duncan,West,NBA,2010,FALSE,West,N/A
Kevin Durant,West,NBA,2010,FALSE,West,N/A
Pau Gasol,West,NBA,2010,FALSE,West,N/A
Chris Kaman,West,NBA,2010,FALSE,West,N/A
Jason Kidd,West,NBA,2010,FALSE,West,N/A
Steve Nash,West,NBA,2010,FALSE,West,N/A
Dirk Nowitzki,West,NBA,2010,FALSE,West,N/A
Chris Paul,West,NBA,2010,TRUE,West,N/A
Zach Randolph,West,NBA,2010,FALSE,West,N/A
Brandon Roy,West,NBA,2010,TRUE,West,N/A
Amar'e Stoudemire,West,NBA,2010,FALSE,West,N/A
Deron Williams,West,NBA,2010,FALSE,West,N/A
Ray Allen,East,NBA,2009,FALSE,East,N/A
Chris Bosh,East,NBA,2009,TRUE,East,N/A
Kevin Garnett,East,NBA,2009,FALSE,East,N/A
Danny Granger,East,NBA,2009,FALSE,East,N/A
Devin Harris,East,NBA,2009,FALSE,East,N/A
Dwight Howard,East,NBA,2009,FALSE,East,N/A
Allen Iverson,East,NBA,2009,FALSE,East,N/A
LeBron James,East,NBA,2009,FALSE,East,N/A
Joe Johnson,East,NBA,2009,FALSE,East,N/A
Rashard Lewis,East,NBA,2009,FALSE,East,N/A
Jameer Nelson,East,NBA,2009,TRUE,East,N/A
Paul Pierce,East,NBA,2009,FALSE,East,N/A
Dwyane Wade,East,NBA,2009,FALSE,East,N/A
Mo Williams,East,NBA,2009,FALSE,East,N/A
Chauncey Billups,West,NBA,2009,FALSE,West,N/A
Kobe Bryant,West,NBA,2009,FALSE,West,N/A
Tim Duncan,West,NBA,2009,FALSE,West,N/A
Pau Gasol,West,NBA,2009,FALSE,West,N/A
Yao Ming,West,NBA,2009,FALSE,West,N/A
Dirk Nowitzki,West,NBA,2009,FALSE,West,N/A
Shaquille O'Neal,West,NBA,2009,FALSE,West,N/A
Tony Parker,West,NBA,2009,FALSE,West,N/A
Chris Paul,West,NBA,2009,FALSE,West,N/A
Brandon Roy,West,NBA,2009,FALSE,West,N/A
Amar'e Stoudemire,West,NBA,2009,FALSE,West,N/A
David West,West,NBA,2009,FALSE,West,N/A
Ray Allen,East,NBA,2008,FALSE,East,N/A
Chauncey Billups,East,NBA,2008,FALSE,East,N/A
Chris Bosh,East,NBA,2008,FALSE,East,N/A
Caron Butler,East,NBA,2008,TRUE,East,N/A
Kevin Garnett,East,NBA,2008,TRUE,East,N/A
Richard Hamilton,East,NBA,2008,FALSE,East,N/A
Dwight Howard,East,NBA,2008,FALSE,East,N/A
LeBron James,East,NBA,2008,FALSE,East,N/A
Antawn Jamison,East,NBA,2008,FALSE,East,N/A
Joe Johnson,East,NBA,2008,FALSE,East,N/A
Jason Kidd,East,NBA,2008,FALSE,East,N/A
Paul Pierce,East,NBA,2008,FALSE,East,N/A
Dwyane Wade,East,NBA,2008,FALSE,East,N/A
Rasheed Wallace,East,NBA,2008,FALSE,East,N/A
Carmelo Anthony,West,NBA,2008,FALSE,West,N/A
Carlos Boozer,West,NBA,2008,FALSE,West,N/A
Kobe Bryant,West,NBA,2008,FALSE,West,N/A
Tim Duncan,West,NBA,2008,FALSE,West,N/A
Allen Iverson,West,NBA,2008,FALSE,West,N/A
Yao Ming,West,NBA,2008,FALSE,West,N/A
Steve Nash,West,NBA,2008,FALSE,West,N/A
Dirk Nowitzki,West,NBA,2008,FALSE,West,N/A
Chris Paul,West,NBA,2008,FALSE,West,N/A
Brandon Roy,West,NBA,2008,FALSE,West,N/A
Amar'e Stoudemire,West,NBA,2008,FALSE,West,N/A
David West,West,NBA,2008,FALSE,West,N/A
Gilbert Arenas,East,NBA,2007,FALSE,East,N/A
Chauncey Billups,East,NBA,2007,FALSE,East,N/A
Chris Bosh,East,NBA,2007,FALSE,East,N/A
Caron Butler,East,NBA,2007,FALSE,East,N/A
Vince Carter,East,NBA,2007,FALSE,East,N/A
Richard Hamilton,East,NBA,2007,FALSE,East,N/A
Dwight Howard,East,NBA,2007,FALSE,East,N/A
LeBron James,East,NBA,2007,FALSE,East,N/A
Joe Johnson,East,NBA,2007,FALSE,East,N/A
Jason Kidd,East,NBA,2007,TRUE,East,N/A
Jermaine O'Neal,East,NBA,2007,FALSE,East,N/A
Shaquille O'Neal,East,NBA,2007,FALSE,East,N/A
Dwyane Wade,East,NBA,2007,FALSE,East,N/A
Ray Allen,West,NBA,2007,FALSE,West,N/A
Carmelo Anthony,West,NBA,2007,FALSE,West,N/A
Carlos Boozer,West,NBA,2007,TRUE,West,N/A
Kobe Bryant,West,NBA,2007,FALSE,West,N/A
Tim Duncan,West,NBA,2007,FALSE,West,N/A
Kevin Garnett,West,NBA,2007,FALSE,West,N/A
Josh Howard,West,NBA,2007,FALSE,West,N/A
Allen Iverson,West,NBA,2007,TRUE,West,N/A
Shawn Marion,West,NBA,2007,FALSE,West,N/A
Tracy McGrady,West,NBA,2007,FALSE,West,N/A
Yao Ming,West,NBA,2007,TRUE,West,N/A
Steve Nash,West,NBA,2007,TRUE,West,N/A
Dirk Nowitzki,West,NBA,2007,FALSE,West,N/A
Mehmet Okur,West,NBA,2007,FALSE,West,N/A
Tony Parker,West,NBA,2007,FALSE,West,N/A
Amar'e Stoudemire,West,NBA,2007,FALSE,West,N/A
Gilbert Arenas,East,NBA,2006,FALSE,East,N/A
Chauncey Billups,East,NBA,2006,FALSE,East,N/A
Chris Bosh,East,NBA,2006,FALSE,East,N/A
Vince Carter,East,NBA,2006,FALSE,East,N/A
Richard Hamilton,East,NBA,2006,FALSE,East,N/A
Allen Iverson,East,NBA,2006,FALSE,East,N/A
LeBron James,East,NBA,2006,FALSE,East,N/A
Jermaine O'Neal,East,NBA,2006,TRUE,East,N/A
Shaquille O'Neal,East,NBA,2006,FALSE,East,N/A
Paul Pierce,East,NBA,2006,FALSE,East,N/A
Dwyane Wade,East,NBA,2006,FALSE,East,N/A
Ben Wallace,East,NBA,2006,FALSE,East,N/A
Rasheed Wallace,East,NBA,2006,FALSE,East,N/A
Ray Allen,West,NBA,2006,FALSE,West,N/A
Elton Brand,West,NBA,2006,FALSE,West,N/A
Kobe Bryant,West,NBA,2006,FALSE,West,N/A
Tim Duncan,West,NBA,2006,FALSE,West,N/A
Kevin Garnett,West,NBA,2006,FALSE,West,N/A
Pau Gasol,West,NBA,2006,FALSE,West,N/A
Shawn Marion,West,NBA,2006,FALSE,West,N/A
Tracy McGrady,West,NBA,2006,FALSE,West,N/A
Yao Ming,West,NBA,2006,FALSE,West,N/A
Steve Nash,West,NBA,2006,FALSE,West,N/A
Dirk Nowitzki,West,NBA,2006,FALSE,West,N/A
Tony Parker,West,NBA,2006,FALSE,West,N/A
Gilbert Arenas,East,NBA,2005,FALSE,East,N/A
Vince Carter,East,NBA,2005,FALSE,East,N/A
Grant Hill,East,NBA,2005,FALSE,East,N/A
Zydrunas Ilgauskas,East,NBA,2005,FALSE,East,N/A
Allen Iverson,East,NBA,2005,FALSE,East,N/A
LeBron James,East,NBA,2005,FALSE,East,N/A
Antawn Jamison,East,NBA,2005,FALSE,East,N/A
Jermaine O'Neal,East,NBA,2005,FALSE,East,N/A
Shaquille O'Neal,East,NBA,2005,FALSE,East,N/A
Paul Pierce,East,NBA,2005,FALSE,East,N/A
Dwyane Wade,East,NBA,2005,FALSE,East,N/A
Ben Wallace,East,NBA,2005,FALSE,East,N/A
Ray Allen,West,NBA,2005,FALSE,West,N/A
Kobe Bryant,West,NBA,2005,FALSE,West,N/A
Tim Duncan,West,NBA,2005,FALSE,West,N/A
Kevin Garnett,West,NBA,2005,FALSE,West,N/A
Manu Ginóbili,West,NBA,2005,FALSE,West,N/A
Rashard Lewis,West,NBA,2005,FALSE,West,N/A
Shawn Marion,West,NBA,2005,FALSE,West,N/A
Tracy McGrady,West,NBA,2005,FALSE,West,N/A
Yao Ming,West,NBA,2005,FALSE,West,N/A
Steve Nash,West,NBA,2005,FALSE,West,N/A
Dirk Nowitzki,West,NBA,2005,FALSE,West,N/A
Amar'e Stoudemire,West,NBA,2005,FALSE,West,N/A
Metta World Peace,East,NBA,2004,FALSE,East,N/A
Vince Carter,East,NBA,2004,FALSE,East,N/A
Baron Davis,East,NBA,2004,FALSE,East,N/A
Allen Iverson,East,NBA,2004,FALSE,East,N/A
Jason Kidd,East,NBA,2004,FALSE,East,N/A
Jamaal Magloire,East,NBA,2004,FALSE,East,N/A
Kenyon Martin,East,NBA,2004,FALSE,East,N/A
Tracy McGrady,East,NBA,2004,FALSE,East,N/A
Jermaine O'Neal,East,NBA,2004,FALSE,East,N/A
Paul Pierce,East,NBA,2004,FALSE,East,N/A
Michael Redd,East,NBA,2004,FALSE,East,N/A
Ben Wallace,East,NBA,2004,FALSE,East,N/A
Ray Allen,West,NBA,2004,FALSE,West,N/A
Kobe Bryant,West,NBA,2004,FALSE,West,N/A
Sam Cassell,West,NBA,2004,FALSE,West,N/A
Tim Duncan,West,NBA,2004,FALSE,West,N/A
Steve Francis,West,NBA,2004,FALSE,West,N/A
Kevin Garnett,West,NBA,2004,FALSE,West,N/A
Andrei Kirilenko,West,NBA,2004,FALSE,West,N/A
Brad Miller,West,NBA,2004,FALSE,West,N/A
Yao Ming,West,NBA,2004,FALSE,West,N/A
Dirk Nowitzki,West,NBA,2004,FALSE,West,N/A
Shaquille O'Neal,West,NBA,2004,FALSE,West,N/A
Peja Stojaković,West,NBA,2004,FALSE,West,N/A
Vince Carter,East,NBA,2003,FALSE,East,N/A
Zydrunas Ilgauskas,East,NBA,2003,FALSE,East,N/A
Allen Iverson,East,NBA,2003,FALSE,East,N/A
Michael Jordan,East,NBA,2003,FALSE,East,N/A
Jason Kidd,East,NBA,2003,FALSE,East,N/A
Jamal Mashburn,East,NBA,2003,FALSE,East,N/A
Tracy McGrady,East,NBA,2003,FALSE,East,N/A
Brad Miller,East,NBA,2003,FALSE,East,N/A
Jermaine O'Neal,East,NBA,2003,FALSE,East,N/A
Paul Pierce,East,NBA,2003,FALSE,East,N/A
Antoine Walker,East,NBA,2003,FALSE,East,N/A
Ben Wallace,East,NBA,2003,FALSE,East,N/A
Kobe Bryant,West,NBA,2003,FALSE,West,N/A
Tim Duncan,West,NBA,2003,FALSE,West,N/A
Steve Francis,West,NBA,2003,FALSE,West,N/A
Kevin Garnett,West,NBA,2003,FALSE,West,N/A
Stephon Marbury,West,NBA,2003,FALSE,West,N/A
Shawn Marion,West,NBA,2003,FALSE,West,N/A
Yao Ming,West,NBA,2003,FALSE,West,N/A
Steve Nash,West,NBA,2003,FALSE,West,N/A
Dirk Nowitzki,West,NBA,2003,FALSE,West,N/A
Shaquille O'Neal,West,NBA,2003,FALSE,West,N/A
Gary Payton,West,NBA,2003,FALSE,West,N/A
Peja Stojaković,West,NBA,2003,FALSE,West,N/A
Chris Webber,West,NBA,2003,TRUE,West,N/A
Shareef Abdur-Rahim,East,NBA,2002,FALSE,East,N/A
Ray Allen,East,NBA,2002,FALSE,East,N/A
Vince Carter,East,NBA,2002,TRUE,East,N/A
Baron Davis,East,NBA,2002,FALSE,East,N/A
Allen Iverson,East,NBA,2002,FALSE,East,N/A
Michael Jordan,East,NBA,2002,FALSE,East,N/A
Jason Kidd,East,NBA,2002,FALSE,East,N/A
Tracy McGrady,East,NBA,2002,FALSE,East,N/A
Alonzo Mourning,East,NBA,2002,FALSE,East,N/A
Dikembe Mutombo,East,NBA,2002,FALSE,East,N/A
Jermaine O'Neal,East,NBA,2002,FALSE,East,N/A
Paul Pierce,East,NBA,2002,FALSE,East,N/A
Antoine Walker,East,NBA,2002,FALSE,East,N/A
Elton Brand,West,NBA,2002,FALSE,West,N/A
Kobe Bryant,West,NBA,2002,FALSE,West,N/A
Tim Duncan,West,NBA,2002,FALSE,West,N/A
Steve Francis,West,NBA,2002,FALSE,West,N/A
Kevin Garnett,West,NBA,2002,FALSE,West,N/A
Karl Malone,West,NBA,2002,TRUE,West,N/A
Steve Nash,West,NBA,2002,FALSE,West,N/A
Dirk Nowitzki,West,NBA,2002,FALSE,West,N/A
Shaquille O'Neal,West,NBA,2002,TRUE,West,N/A
Gary Payton,West,NBA,2002,FALSE,West,N/A
Peja Stojaković,West,NBA,2002,FALSE,West,N/A
Wally Szczerbiak,West,NBA,2002,FALSE,West,N/A
Chris Webber,West,NBA,2002,FALSE,West,N/A
Ray Allen,East,NBA,2001,FALSE,East,N/A
Vince Carter,East,NBA,2001,FALSE,East,N/A
Antonio Davis,East,NBA,2001,FALSE,East,N/A
Grant Hill,East,NBA,2001,TRUE,East,N/A
Allan Houston,East,NBA,2001,FALSE,East,N/A
Allen Iverson,East,NBA,2001,FALSE,East,N/A
Stephon Marbury,East,NBA,2001,FALSE,East,N/A
Anthony Mason,East,NBA,2001,FALSE,East,N/A
Tracy McGrady,East,NBA,2001,FALSE,East,N/A
Alonzo Mourning,East,NBA,2001,TRUE,East,N/A
Dikembe Mutombo,East,NBA,2001,FALSE,East,N/A
Theo Ratliff,East,NBA,2001,TRUE,East,N/A
Glenn Robinson,East,NBA,2001,FALSE,East,N/A
Latrell Sprewell,East,NBA,2001,FALSE,East,N/A
Jerry Stackhouse,East,NBA,2001,FALSE,East,N/A
Kobe Bryant,West,NBA,2001,FALSE,West,N/A
Vlade Divac,West,NBA,2001,FALSE,West,N/A
Tim Duncan,West,NBA,2001,FALSE,West,N/A
Michael Finley,West,NBA,2001,FALSE,West,N/A
Kevin Garnett,West,NBA,2001,FALSE,West,N/A
Jason Kidd,West,NBA,2001,FALSE,West,N/A
Karl Malone,West,NBA,2001,FALSE,West,N/A
Antonio McDyess,West,NBA,2001,FALSE,West,N/A
Shaquille O'Neal,West,NBA,2001,TRUE,West,N/A
Gary Payton,West,NBA,2001,FALSE,West,N/A
David Robinson,West,NBA,2001,FALSE,West,N/A
Rasheed Wallace,West,NBA,2001,FALSE,West,N/A
Chris Webber,West,NBA,2001,FALSE,West,N/A
Ray Allen,East,NBA,2000,FALSE,East,N/A
Vince Carter,East,NBA,2000,FALSE,East,N/A
Dale Davis,East,NBA,2000,FALSE,East,N/A
Grant Hill,East,NBA,2000,FALSE,East,N/A
Allan Houston,East,NBA,2000,FALSE,East,N/A
Allen Iverson,East,NBA,2000,FALSE,East,N/A
Eddie Jones,East,NBA,2000,FALSE,East,N/A
Reggie Miller,East,NBA,2000,FALSE,East,N/A
Alonzo Mourning,East,NBA,2000,FALSE,East,N/A
Dikembe Mutombo,East,NBA,2000,FALSE,East,N/A
Glenn Robinson,East,NBA,2000,FALSE,East,N/A
Jerry Stackhouse,East,NBA,2000,FALSE,East,N/A
Kobe Bryant,West,NBA,2000,FALSE,West,N/A
Tim Duncan,West,NBA,2000,FALSE,West,N/A
Michael Finley,West,NBA,2000,FALSE,West,N/A
Kevin Garnett,West,NBA,2000,FALSE,West,N/A
Jason Kidd,West,NBA,2000,FALSE,West,N/A
Karl Malone,West,NBA,2000,FALSE,West,N/A
Shaquille O'Neal,West,NBA,2000,FALSE,West,N/A
Gary Payton,West,NBA,2000,FALSE,West,N/A
David Robinson,West,NBA,2000,FALSE,West,N/A
John Stockton,West,NBA,2000,FALSE,West,N/A
Rasheed Wallace,West,NBA,2000,FALSE,West,N/A
Chris Webber,West,NBA,2000,FALSE,West,N/A
Anfernee Hardaway,East,NBA,1998,FALSE,East,N/A
Tim Hardaway,East,NBA,1998,FALSE,East,N/A
Grant Hill,East,NBA,1998,FALSE,East,N/A
Michael Jordan,East,NBA,1998,FALSE,East,N/A
Shawn Kemp,East,NBA,1998,FALSE,East,N/A
Reggie Miller,East,NBA,1998,FALSE,East,N/A
Dikembe Mutombo,East,NBA,1998,FALSE,East,N/A
Glen Rice,East,NBA,1998,FALSE,East,N/A
Steve Smith,East,NBA,1998,FALSE,East,N/A
Rik Smits,East,NBA,1998,FALSE,East,N/A
Antoine Walker,East,NBA,1998,FALSE,East,N/A
Jayson Williams,East,NBA,1998,FALSE,East,N/A
Vin Baker,West,NBA,1998,FALSE,West,N/A
Kobe Bryant,West,NBA,1998,FALSE,West,N/A
Tim Duncan,West,NBA,1998,FALSE,West,N/A
Kevin Garnett,West,NBA,1998,FALSE,West,N/A
Eddie Jones,West,NBA,1998,FALSE,West,N/A
Jason Kidd,West,NBA,1998,FALSE,West,N/A
Karl Malone,West,NBA,1998,FALSE,West,N/A
Shaquille O'Neal,West,NBA,1998,FALSE,West,N/A
Gary Payton,West,NBA,1998,FALSE,West,N/A
Mitch Richmond,West,NBA,1998,FALSE,West,N/A
David Robinson,West,NBA,1998,FALSE,West,N/A
Nick Van Exel,West,NBA,1998,FALSE,West,N/A
Vin Baker,East,NBA,1997,FALSE,East,N/A
Terrell Brandon,East,NBA,1997,FALSE,East,N/A
Joe Dumars,East,NBA,1997,FALSE,East,N/A
Patrick Ewing,East,NBA,1997,TRUE,East,N/A
Anfernee Hardaway,East,NBA,1997,FALSE,East,N/A
Tim Hardaway,East,NBA,1997,FALSE,East,N/A
Grant Hill,East,NBA,1997,FALSE,East,N/A
Michael Jordan,East,NBA,1997,FALSE,East,N/A
Christian Laettner,East,NBA,1997,FALSE,East,N/A
Alonzo Mourning,East,NBA,1997,TRUE,East,N/A
Dikembe Mutombo,East,NBA,1997,FALSE,East,N/A
Scottie Pippen,East,NBA,1997,FALSE,East,N/A
Glen Rice,East,NBA,1997,FALSE,East,N/A
Chris Webber,East,NBA,1997,FALSE,East,N/A
Charles Barkley,West,NBA,1997,TRUE,West,N/A
Clyde Drexler,West,NBA,1997,TRUE,West,N/A
Kevin Garnett,West,NBA,1997,FALSE,West,N/A
Chris Gatling,West,NBA,1997,FALSE,West,N/A
Tom Gugliotta,West,NBA,1997,FALSE,West,N/A
Eddie Jones,West,NBA,1997,FALSE,West,N/A
Shawn Kemp,West,NBA,1997,FALSE,West,N/A
Karl Malone,West,NBA,1997,FALSE,West,N/A
Hakeem Olajuwon,West,NBA,1997,FALSE,West,N/A
Shaquille O'Neal,West,NBA,1997,TRUE,West,N/A
Gary Payton,West,NBA,1997,FALSE,West,N/A
Mitch Richmond,West,NBA,1997,FALSE,West,N/A
Detlef Schrempf,West,NBA,1997,FALSE,West,N/A
Latrell Sprewell,West,NBA,1997,FALSE,West,N/A
John Stockton,West,NBA,1997,FALSE,West,N/A
Vin Baker,East,NBA,1996,FALSE,East,N/A
Terrell Brandon,East,NBA,1996,FALSE,East,N/A
Patrick Ewing,East,NBA,1996,FALSE,East,N/A
Anfernee Hardaway,East,NBA,1996,FALSE,East,N/A
Grant Hill,East,NBA,1996,FALSE,East,N/A
Juwan Howard,East,NBA,1996,FALSE,East,N/A
Michael Jordan,East,NBA,1996,FALSE,East,N/A
Reggie Miller,East,NBA,1996,FALSE,East,N/A
Alonzo Mourning,East,NBA,1996,FALSE,East,N/A
Shaquille O'Neal,East,NBA,1996,FALSE,East,N/A
Scottie Pippen,East,NBA,1996,FALSE,East,N/A
Glen Rice,East,NBA,1996,FALSE,East,N/A
Charles Barkley,West,NBA,1996,FALSE,West,N/A
Clyde Drexler,West,NBA,1996,FALSE,West,N/A
Sean Elliott,West,NBA,1996,FALSE,West,N/A
Shawn Kemp,West,NBA,1996,FALSE,West,N/A
Jason Kidd,West,NBA,1996,FALSE,West,N/A
Karl Malone,West,NBA,1996,FALSE,West,N/A
Dikembe Mutombo,West,NBA,1996,FALSE,West,N/A
Hakeem Olajuwon,West,NBA,1996,FALSE,West,N/A
Gary Payton,West,NBA,1996,FALSE,West,N/A
Mitch Richmond,West,NBA,1996,FALSE,West,N/A
David Robinson,West,NBA,1996,FALSE,West,N/A
John Stockton,West,NBA,1996,FALSE,West,N/A
Vin Baker,East,NBA,1995,FALSE,East,N/A
Dana Barros,East,NBA,1995,FALSE,East,N/A
Joe Dumars,East,NBA,1995,FALSE,East,N/A
Patrick Ewing,East,NBA,1995,FALSE,East,N/A
Anfernee Hardaway,East,NBA,1995,FALSE,East,N/A
Grant Hill,East,NBA,1995,FALSE,East,N/A
Tyrone Hill,East,NBA,1995,FALSE,East,N/A
Larry Johnson,East,NBA,1995,FALSE,East,N/A
Reggie Miller,East,NBA,1995,FALSE,East,N/A
Alonzo Mourning,East,NBA,1995,FALSE,East,N/A
Shaquille O'Neal,East,NBA,1995,FALSE,East,N/A
Scottie Pippen,East,NBA,1995,FALSE,East,N/A
Charles Barkley,West,NBA,1995,FALSE,West,N/A
Cedric Ceballos,West,NBA,1995,TRUE,West,N/A
Shawn Kemp,West,NBA,1995,FALSE,West,N/A
Dan Majerle,West,NBA,1995,FALSE,West,N/A
Karl Malone,West,NBA,1995,FALSE,West,N/A
Dikembe Mutombo,West,NBA,1995,FALSE,West,N/A
Hakeem Olajuwon,West,NBA,1995,FALSE,West,N/A
Gary Payton,West,NBA,1995,FALSE,West,N/A
Mitch Richmond,West,NBA,1995,FALSE,West,N/A
David Robinson,West,NBA,1995,FALSE,West,N/A
Detlef Schrempf,West,NBA,1995,FALSE,West,N/A
Latrell Sprewell,West,NBA,1995,FALSE,West,N/A
John Stockton,West,NBA,1995,FALSE,West,N/A
Kenny Anderson,East,NBA,1994,FALSE,East,N/A
B.J. Armstrong,East,NBA,1994,FALSE,East,N/A
Mookie Blaylock,East,NBA,1994,FALSE,East,N/A
Derrick Coleman,East,NBA,1994,FALSE,East,N/A
Patrick Ewing,East,NBA,1994,FALSE,East,N/A
Horace Grant,East,NBA,1994,FALSE,East,N/A
Alonzo Mourning,East,NBA,1994,TRUE,East,N/A
Charles Oakley,East,NBA,1994,FALSE,East,N/A
Shaquille O'Neal,East,NBA,1994,FALSE,East,N/A
Scottie Pippen,East,NBA,1994,FALSE,East,N/A
Mark Price,East,NBA,1994,FALSE,East,N/A
John Starks,East,NBA,1994,FALSE,East,N/A
Dominique Wilkins,East,NBA,1994,FALSE,East,N/A
Charles Barkley,West,NBA,1994,TRUE,West,N/A
Clyde Drexler,West,NBA,1994,FALSE,West,N/A
Kevin Johnson,West,NBA,1994,FALSE,West,N/A
Shawn Kemp,West,NBA,1994,FALSE,West,N/A
Karl Malone,West,NBA,1994,FALSE,West,N/A
Danny Manning,West,NBA,1994,FALSE,West,N/A
Hakeem Olajuwon,West,NBA,1994,FALSE,West,N/A
Gary Payton,West,NBA,1994,FALSE,West,N/A
Mitch Richmond,West,NBA,1994,FALSE,West,N/A
Clifford Robinson,West,NBA,1994,FALSE,West,N/A
David Robinson,West,NBA,1994,FALSE,West,N/A
Latrell Sprewell,West,NBA,1994,FALSE,West,N/A
John Stockton,West,NBA,1994,FALSE,West,N/A
Brad Daugherty,East,NBA,1993,FALSE,East,N/A
Joe Dumars,East,NBA,1993,FALSE,East,N/A
Patrick Ewing,East,NBA,1993,FALSE,East,N/A
Larry Johnson,East,NBA,1993,FALSE,East,N/A
Michael Jordan,East,NBA,1993,FALSE,East,N/A
Larry Nance,East,NBA,1993,FALSE,East,N/A
Shaquille O'Neal,East,NBA,1993,FALSE,East,N/A
Scottie Pippen,East,NBA,1993,FALSE,East,N/A
Mark Price,East,NBA,1993,FALSE,East,N/A
Detlef Schrempf,East,NBA,1993,FALSE,East,N/A
Isiah Thomas,East,NBA,1993,FALSE,East,N/A
Dominique Wilkins,East,NBA,1993,FALSE,East,N/A
Charles Barkley,West,NBA,1993,FALSE,West,N/A
Clyde Drexler,West,NBA,1993,FALSE,West,N/A
Sean Elliott,West,NBA,1993,FALSE,West,N/A
Tim Hardaway,West,NBA,1993,FALSE,West,N/A
Shawn Kemp,West,NBA,1993,FALSE,West,N/A
Dan Majerle,West,NBA,1993,FALSE,West,N/A
Karl Malone,West,NBA,1993,FALSE,West,N/A
Danny Manning,West,NBA,1993,FALSE,West,N/A
Chris Mullin,West,NBA,1993,TRUE,West,N/A
Hakeem Olajuwon,West,NBA,1993,FALSE,West,N/A
Terry Porter,West,NBA,1993,FALSE,West,N/A
Mitch Richmond,West,NBA,1993,TRUE,West,N/A
David Robinson,West,NBA,1993,FALSE,West,N/A
John Stockton,West,NBA,1993,FALSE,West,N/A
Michael Adams,East,NBA,1992,FALSE,East,N/A
Charles Barkley,East,NBA,1992,FALSE,East,N/A
Larry Bird,East,NBA,1992,TRUE,East,N/A
Brad Daugherty,East,NBA,1992,FALSE,East,N/A
Joe Dumars,East,NBA,1992,FALSE,East,N/A
Patrick Ewing,East,NBA,1992,FALSE,East,N/A
Michael Jordan,East,NBA,1992,FALSE,East,N/A
Reggie Lewis,East,NBA,1992,FALSE,East,N/A
Scottie Pippen,East,NBA,1992,FALSE,East,N/A
Mark Price,East,NBA,1992,FALSE,East,N/A
Dennis Rodman,East,NBA,1992,FALSE,East,N/A
Isiah Thomas,East,NBA,1992,FALSE,East,N/A
Dominique Wilkins,East,NBA,1992,TRUE,East,N/A
Kevin Willis,East,NBA,1992,FALSE,East,N/A
Clyde Drexler,West,NBA,1992,FALSE,West,N/A
Tim Hardaway,West,NBA,1992,FALSE,West,N/A
Jeff Hornacek,West,NBA,1992,FALSE,West,N/A
Magic Johnson,West,NBA,1992,FALSE,West,N/A
Dan Majerle,West,NBA,1992,FALSE,West,N/A
Karl Malone,West,NBA,1992,FALSE,West,N/A
Chris Mullin,West,NBA,1992,FALSE,West,N/A
Dikembe Mutombo,West,NBA,1992,FALSE,West,N/A
Hakeem Olajuwon,West,NBA,1992,FALSE,West,N/A
David Robinson,West,NBA,1992,FALSE,West,N/A
John Stockton,West,NBA,1992,FALSE,West,N/A
Otis Thorpe,West,NBA,1992,FALSE,West,N/A
James Worthy,West,NBA,1992,FALSE,West,N/A
Charles Barkley,East,NBA,1991,FALSE,East,N/A
Larry Bird,East,NBA,1991,TRUE,East,N/A
Brad Daugherty,East,NBA,1991,FALSE,East,N/A
Joe Dumars,East,NBA,1991,FALSE,East,N/A
Patrick Ewing,East,NBA,1991,FALSE,East,N/A
Hersey Hawkins,East,NBA,1991,FALSE,East,N/A
Michael Jordan,East,NBA,1991,FALSE,East,N/A
Bernard King,East,NBA,1991,FALSE,East,N/A
Kevin McHale,East,NBA,1991,FALSE,East,N/A
Robert Parish,East,NBA,1991,FALSE,East,N/A
Ricky Pierce,East,NBA,1991,FALSE,East,N/A
Alvin Robertson,East,NBA,1991,FALSE,East,N/A
Isiah Thomas,East,NBA,1991,TRUE,East,N/A
Dominique Wilkins,East,NBA,1991,FALSE,East,N/A
Tom Chambers,West,NBA,1991,FALSE,West,N/A
Clyde Drexler,West,NBA,1991,FALSE,West,N/A
Kevin Duckworth,West,NBA,1991,FALSE,West,N/A
Tim Hardaway,West,NBA,1991,FALSE,West,N/A
Kevin Johnson,West,NBA,1991,FALSE,West,N/A
Magic Johnson,West,NBA,1991,FALSE,West,N/A
Karl Malone,West,NBA,1991,FALSE,West,N/A
Chris Mullin,West,NBA,1991,FALSE,West,N/A
Terry Porter,West,NBA,1991,FALSE,West,N/A
David Robinson,West,NBA,1991,FALSE,West,N/A
John Stockton,West,NBA,1991,FALSE,West,N/A
James Worthy,West,NBA,1991,FALSE,West,N/A
Charles Barkley,East,NBA,1990,FALSE,East,N/A
Larry Bird,East,NBA,1990,FALSE,East,N/A
Joe Dumars,East,NBA,1990,FALSE,East,N/A
Patrick Ewing,East,NBA,1990,FALSE,East,N/A
Michael Jordan,East,NBA,1990,FALSE,East,N/A
Kevin McHale,East,NBA,1990,FALSE,East,N/A
Reggie Miller,East,NBA,1990,FALSE,East,N/A
Robert Parish,East,NBA,1990,FALSE,East,N/A
Scottie Pippen,East,NBA,1990,FALSE,East,N/A
Dennis Rodman,East,NBA,1990,FALSE,East,N/A
Isiah Thomas,East,NBA,1990,FALSE,East,N/A
Dominique Wilkins,East,NBA,1990,FALSE,East,N/A
Rolando Blackman,West,NBA,1990,FALSE,West,N/A
Tom Chambers,West,NBA,1990,FALSE,West,N/A
Clyde Drexler,West,NBA,1990,FALSE,West,N/A
A.C. Green,West,NBA,1990,FALSE,West,N/A
Kevin Johnson,West,NBA,1990,FALSE,West,N/A
Magic Johnson,West,NBA,1990,FALSE,West,N/A
Fat Lever,West,NBA,1990,FALSE,West,N/A
Karl Malone,West,NBA,1990,TRUE,West,N/A
Chris Mullin,West,NBA,1990,FALSE,West,N/A
Hakeem Olajuwon,West,NBA,1990,FALSE,West,N/A
David Robinson,West,NBA,1990,FALSE,West,N/A
John Stockton,West,NBA,1990,FALSE,West,N/A
James Worthy,West,NBA,1990,FALSE,West,N/A
Charles Barkley,East,NBA,1989,FALSE,East,N/A
Terry Cummings,East,NBA,1989,FALSE,East,N/A
Brad Daugherty,East,NBA,1989,FALSE,East,N/A
Patrick Ewing,East,NBA,1989,FALSE,East,N/A
Mark Jackson,East,NBA,1989,FALSE,East,N/A
Michael Jordan,East,NBA,1989,FALSE,East,N/A
Moses Malone,East,NBA,1989,FALSE,East,N/A
Kevin McHale,East,NBA,1989,FALSE,East,N/A
Larry Nance,East,NBA,1989,FALSE,East,N/A
Mark Price,East,NBA,1989,FALSE,East,N/A
Isiah Thomas,East,NBA,1989,FALSE,East,N/A
Dominique Wilkins,East,NBA,1989,FALSE,East,N/A
Kareem Abdul-Jabbar,West,NBA,1989,FALSE,West,N/A
Tom Chambers,West,NBA,1989,FALSE,West,N/A
Clyde Drexler,West,NBA,1989,FALSE,West,N/A
Kevin Duckworth,West,NBA,1989,FALSE,West,N/A
Mark Eaton,West,NBA,1989,FALSE,West,N/A
Dale Ellis,West,NBA,1989,FALSE,West,N/A
Alex English,West,NBA,1989,FALSE,West,N/A
Magic Johnson,West,NBA,1989,TRUE,West,N/A
Karl Malone,West,NBA,1989,FALSE,West,N/A
Chris Mullin,West,NBA,1989,FALSE,West,N/A
Hakeem Olajuwon,West,NBA,1989,FALSE,West,N/A
John Stockton,West,NBA,1989,FALSE,West,N/A
James Worthy,West,NBA,1989,FALSE,West,N/A
Danny Ainge,East,NBA,1988,FALSE,East,N/A
Charles Barkley,East,NBA,1988,FALSE,East,N/A
Larry Bird,East,NBA,1988,FALSE,East,N/A
Maurice Cheeks,East,NBA,1988,FALSE,East,N/A
Brad Daugherty,East,NBA,1988,FALSE,East,N/A
Patrick Ewing,East,NBA,1988,FALSE,East,N/A
Michael Jordan,East,NBA,1988,FALSE,East,N/A
Moses Malone,East,NBA,1988,FALSE,East,N/A
Kevin McHale,East,NBA,1988,FALSE,East,N/A
Doc Rivers,East,NBA,1988,FALSE,East,N/A
Isiah Thomas,East,NBA,1988,FALSE,East,N/A
Dominique Wilkins,East,NBA,1988,FALSE,East,N/A
Kareem Abdul-Jabbar,West,NBA,1988,FALSE,West,N/A
Mark Aguirre,West,NBA,1988,FALSE,West,N/A
James Donaldson,West,NBA,1988,FALSE,West,N/A
Clyde Drexler,West,NBA,1988,FALSE,West,N/A
Alex English,West,NBA,1988,FALSE,West,N/A
Magic Johnson,West,NBA,1988,FALSE,West,N/A
Steve Johnson,West,NBA,1988,TRUE,West,N/A
Fat Lever,West,NBA,1988,FALSE,West,N/A
Karl Malone,West,NBA,1988,FALSE,West,N/A
Xavier McDaniel,West,NBA,1988,FALSE,West,N/A
Hakeem Olajuwon,West,NBA,1988,FALSE,West,N/A
Alvin Robertson,West,NBA,1988,FALSE,West,N/A
James Worthy,West,NBA,1988,FALSE,West,N/A
Charles Barkley,East,NBA,1987,FALSE,East,N/A
Larry Bird,East,NBA,1987,FALSE,East,N/A
Maurice Cheeks,East,NBA,1987,FALSE,East,N/A
Julius Erving,East,NBA,1987,FALSE,East,N/A
Michael Jordan,East,NBA,1987,FALSE,East,N/A
Bill Laimbeer,East,NBA,1987,FALSE,East,N/A
Jeff Malone,East,NBA,1987,FALSE,East,N/A
Moses Malone,East,NBA,1987,FALSE,East,N/A
Kevin McHale,East,NBA,1987,FALSE,East,N/A
Robert Parish,East,NBA,1987,FALSE,East,N/A
Isiah Thomas,East,NBA,1987,FALSE,East,N/A
Dominique Wilkins,East,NBA,1987,FALSE,East,N/A
Kareem Abdul-Jabbar,West,NBA,1987,FALSE,West,N/A
Mark Aguirre,West,NBA,1987,FALSE,West,N/A
Rolando Blackman,West,NBA,1987,FALSE,West,N/A
Joe Barry Carroll,West,NBA,1987,FALSE,West,N/A
Tom Chambers,West,NBA,1987,FALSE,West,N/A
Walter Davis,West,NBA,1987,FALSE,West,N/A
Alex English,West,NBA,1987,FALSE,West,N/A
Sleepy Floyd,West,NBA,1987,FALSE,West,N/A
Magic Johnson,West,NBA,1987,FALSE,West,N/A
Hakeem Olajuwon,West,NBA,1987,FALSE,West,N/A
Alvin Robertson,West,NBA,1987,FALSE,West,N/A
Ralph Sampson,West,NBA,1987,TRUE,West,N/A
James Worthy,West,NBA,1987,FALSE,West,N/A
Larry Bird,East,NBA,1986,FALSE,East,N/A
Maurice Cheeks,East,NBA,1986,FALSE,East,N/A
Julius Erving,East,NBA,1986,FALSE,East,N/A
Patrick Ewing,East,NBA,1986,TRUE,East,N/A
Michael Jordan,East,NBA,1986,TRUE,East,N/A
Jeff Malone,East,NBA,1986,FALSE,East,N/A
Moses Malone,East,NBA,1986,FALSE,East,N/A
Kevin McHale,East,NBA,1986,FALSE,East,N/A
Sidney Moncrief,East,NBA,1986,FALSE,East,N/A
Robert Parish,East,NBA,1986,FALSE,East,N/A
Isiah Thomas,East,NBA,1986,FALSE,East,N/A
Dominique Wilkins,East,NBA,1986,FALSE,East,N/A
Buck Williams,East,NBA,1986,FALSE,East,N/A
Kareem Abdul-Jabbar,West,NBA,1986,FALSE,West,N/A
Rolando Blackman,West,NBA,1986,FALSE,West,N/A
Adrian Dantley,West,NBA,1986,FALSE,West,N/A
Clyde Drexler,West,NBA,1986,FALSE,West,N/A
Alex English,West,NBA,1986,FALSE,West,N/A
Artis Gilmore,West,NBA,1986,FALSE,West,N/A
Marques Johnson,West,NBA,1986,FALSE,West,N/A
Magic Johnson,West,NBA,1986,FALSE,West,N/A
Hakeem Olajuwon,West,NBA,1986,FALSE,West,N/A
Alvin Robertson,West,NBA,1986,FALSE,West,N/A
Ralph Sampson,West,NBA,1986,FALSE,West,N/A
James Worthy,West,NBA,1986,FALSE,West,N/A
Larry Bird,East,NBA,1985,FALSE,East,N/A
Terry Cummings,East,NBA,1985,FALSE,East,N/A
Julius Erving,East,NBA,1985,FALSE,East,N/A
Dennis Johnson,East,NBA,1985,FALSE,East,N/A
Michael Jordan,East,NBA,1985,FALSE,East,N/A
Bernard King,East,NBA,1985,FALSE,East,N/A
Bill Laimbeer,East,NBA,1985,FALSE,East,N/A
Moses Malone,East,NBA,1985,FALSE,East,N/A
Sidney Moncrief,East,NBA,1985,FALSE,East,N/A
Robert Parish,East,NBA,1985,FALSE,East,N/A
Micheal Ray Richardson,East,NBA,1985,FALSE,East,N/A
Jeff Ruland,East,NBA,1985,TRUE,East,N/A
Isiah Thomas,East,NBA,1985,FALSE,East,N/A
Kareem Abdul-Jabbar,West,NBA,1985,FALSE,West,N/A
Rolando Blackman,West,NBA,1985,FALSE,West,N/A
Adrian Dantley,West,NBA,1985,FALSE,West,N/A
Alex English,West,NBA,1985,FALSE,West,N/A
George Gervin,West,NBA,1985,FALSE,West,N/A
Magic Johnson,West,NBA,1985,FALSE,West,N/A
Larry Nance,West,NBA,1985,FALSE,West,N/A
Calvin Natt,West,NBA,1985,FALSE,West,N/A
Norm Nixon,West,NBA,1985,FALSE,West,N/A
Hakeem Olajuwon,West,NBA,1985,FALSE,West,N/A
Ralph Sampson,West,NBA,1985,FALSE,West,N/A
Jack Sikma,West,NBA,1985,FALSE,West,N/A
Larry Bird,East,NBA,1984,FALSE,East,N/A
Otis Birdsong,East,NBA,1984,FALSE,East,N/A
Julius Erving,East,NBA,1984,FALSE,East,N/A
Bernard King,East,NBA,1984,FALSE,East,N/A
Bill Laimbeer,East,NBA,1984,FALSE,East,N/A
Moses Malone,East,NBA,1984,TRUE,East,N/A
Kevin McHale,East,NBA,1984,FALSE,East,N/A
Sidney Moncrief,East,NBA,1984,FALSE,East,N/A
Robert Parish,East,NBA,1984,FALSE,East,N/A
Jeff Ruland,East,NBA,1984,FALSE,East,N/A
Isiah Thomas,East,NBA,1984,FALSE,East,N/A
Andrew Toney,East,NBA,1984,FALSE,East,N/A
Kelly Tripucka,East,NBA,1984,FALSE,East,N/A
Kareem Abdul-Jabbar,West,NBA,1984,FALSE,West,N/A
Mark Aguirre,West,NBA,1984,FALSE,West,N/A
Adrian Dantley,West,NBA,1984,FALSE,West,N/A
Walter Davis,West,NBA,1984,FALSE,West,N/A
Alex English,West,NBA,1984,FALSE,West,N/A
George Gervin,West,NBA,1984,FALSE,West,N/A
Rickey Green,West,NBA,1984,FALSE,West,N/A
Magic Johnson,West,NBA,1984,FALSE,West,N/A
Jim Paxson,West,NBA,1984,FALSE,West,N/A
Ralph Sampson,West,NBA,1984,FALSE,West,N/A
Jack Sikma,West,NBA,1984,FALSE,West,N/A
Kiki Vandeweghe,West,NBA,1984,FALSE,West,N/A
Larry Bird,East,NBA,1983,FALSE,East,N/A
Maurice Cheeks,East,NBA,1983,FALSE,East,N/A
Julius Erving,East,NBA,1983,FALSE,East,N/A
Marques Johnson,East,NBA,1983,FALSE,East,N/A
Bill Laimbeer,East,NBA,1983,FALSE,East,N/A
Moses Malone,East,NBA,1983,FALSE,East,N/A
Sidney Moncrief,East,NBA,1983,FALSE,East,N/A
Robert Parish,East,NBA,1983,FALSE,East,N/A
Reggie Theus,East,NBA,1983,FALSE,East,N/A
Isiah Thomas,East,NBA,1983,FALSE,East,N/A
Andrew Toney,East,NBA,1983,FALSE,East,N/A
Buck Williams,East,NBA,1983,FALSE,East,N/A
Kareem Abdul-Jabbar,West,NBA,1983,FALSE,West,N/A
Alex English,West,NBA,1983,FALSE,West,N/A
George Gervin,West,NBA,1983,FALSE,West,N/A
Artis Gilmore,West,NBA,1983,FALSE,West,N/A
Magic Johnson,West,NBA,1983,FALSE,West,N/A
Maurice Lucas,West,NBA,1983,FALSE,West,N/A
Jim Paxson,West,NBA,1983,FALSE,West,N/A
Jack Sikma,West,NBA,1983,FALSE,West,N/A
David Thompson,West,NBA,1983,FALSE,West,N/A
Kiki Vandeweghe,West,NBA,1983,FALSE,West,N/A
Jamaal Wilkes,West,NBA,1983,FALSE,West,N/A
Gus Williams,West,NBA,1983,FALSE,West,N/A
Tiny Archibald,East,NBA,1982,FALSE,East,N/A
Larry Bird,East,NBA,1982,FALSE,East,N/A
Julius Erving,East,NBA,1982,FALSE,East,N/A
Artis Gilmore,East,NBA,1982,FALSE,East,N/A
Bobby Jones,East,NBA,1982,FALSE,East,N/A
Bob Lanier,East,NBA,1982,FALSE,East,N/A
Sidney Moncrief,East,NBA,1982,FALSE,East,N/A
Robert Parish,East,NBA,1982,FALSE,East,N/A
Micheal Ray Richardson,East,NBA,1982,FALSE,East,N/A
Dan Roundfield,East,NBA,1982,TRUE,East,N/A
Isiah Thomas,East,NBA,1982,FALSE,East,N/A
Kelly Tripucka,East,NBA,1982,FALSE,East,N/A
Buck Williams,East,NBA,1982,FALSE,East,N/A
Kareem Abdul-Jabbar,West,NBA,1982,FALSE,West,N/A
Adrian Dantley,West,NBA,1982,FALSE,West,N/A
Alex English,West,NBA,1982,FALSE,West,N/A
George Gervin,West,NBA,1982,FALSE,West,N/A
Dennis Johnson,West,NBA,1982,FALSE,West,N/A
Magic Johnson,West,NBA,1982,FALSE,West,N/A
Bernard King,West,NBA,1982,FALSE,West,N/A
Moses Malone,West,NBA,1982,FALSE,West,N/A
Norm Nixon,West,NBA,1982,FALSE,West,N/A
Lonnie Shelton,West,NBA,1982,FALSE,West,N/A
Jack Sikma,West,NBA,1982,FALSE,West,N/A
Gus Williams,West,NBA,1982,FALSE,West,N/A
Tiny Archibald,East,NBA,1981,FALSE,East,N/A
Larry Bird,East,NBA,1981,FALSE,East,N/A
Julius Erving,East,NBA,1981,FALSE,East,N/A
Artis Gilmore,East,NBA,1981,FALSE,East,N/A
Eddie Johnson,East,NBA,1981,FALSE,East,N/A
Marques Johnson,East,NBA,1981,FALSE,East,N/A
Bobby Jones,East,NBA,1981,FALSE,East,N/A
Mike Mitchell,East,NBA,1981,FALSE,East,N/A
Robert Parish,East,NBA,1981,FALSE,East,N/A
Micheal Ray Richardson,East,NBA,1981,FALSE,East,N/A
Dan Roundfield,East,NBA,1981,TRUE,East,N/A
Reggie Theus,East,NBA,1981,FALSE,East,N/A
Kareem Abdul-Jabbar,West,NBA,1981,FALSE,West,N/A
Otis Birdsong,West,NBA,1981,FALSE,West,N/A
Adrian Dantley,West,NBA,1981,FALSE,West,N/A
Walter Davis,West,NBA,1981,FALSE,West,N/A
George Gervin,West,NBA,1981,FALSE,West,N/A
Dennis Johnson,West,NBA,1981,FALSE,West,N/A
Moses Malone,West,NBA,1981,FALSE,West,N/A
Truck Robinson,West,NBA,1981,FALSE,West,N/A
Jack Sikma,West,NBA,1981,FALSE,West,N/A
Paul Westphal,West,NBA,1981,FALSE,West,N/A
Jamaal Wilkes,West,NBA,1981,FALSE,West,N/A
Tiny Archibald,East,NBA,1980,FALSE,East,N/A
Larry Bird,East,NBA,1980,FALSE,East,N/A
Bill Cartwright,East,NBA,1980,FALSE,East,N/A
Dave Cowens,East,NBA,1980,TRUE,East,N/A
John Drew,East,NBA,1980,FALSE,East,N/A
Julius Erving,East,NBA,1980,FALSE,East,N/A
George Gervin,East,NBA,1980,FALSE,East,N/A
Elvin Hayes,East,NBA,1980,FALSE,East,N/A
Eddie Johnson,East,NBA,1980,FALSE,East,N/A
Moses Malone,East,NBA,1980,FALSE,East,N/A
Micheal Ray Richardson,East,NBA,1980,FALSE,East,N/A
Dan Roundfield,East,NBA,1980,FALSE,East,N/A
Kareem Abdul-Jabbar,West,NBA,1980,FALSE,West,N/A
Otis Birdsong,West,NBA,1980,FALSE,West,N/A
Adrian Dantley,West,NBA,1980,FALSE,West,N/A
Walter Davis,West,NBA,1980,FALSE,West,N/A
World B. Free,West,NBA,1980,FALSE,West,N/A
Dennis Johnson,West,NBA,1980,FALSE,West,N/A
Marques Johnson,West,NBA,1980,FALSE,West,N/A
Magic Johnson,West,NBA,1980,FALSE,West,N/A
Jack Sikma,West,NBA,1980,FALSE,West,N/A
Kermit Washington,West,NBA,1980,FALSE,West,N/A
Scott Wedman,West,NBA,1980,TRUE,West,N/A
Paul Westphal,West,NBA,1980,FALSE,West,N/A
Doug Collins,East,NBA,1979,TRUE,East,N/A
Bob Dandridge,East,NBA,1979,FALSE,East,N/A
Julius Erving,East,NBA,1979,FALSE,East,N/A
George Gervin,East,NBA,1979,FALSE,East,N/A
Elvin Hayes,East,NBA,1979,FALSE,East,N/A
Larry Kenon,East,NBA,1979,FALSE,East,N/A
Bob Lanier,East,NBA,1979,FALSE,East,N/A
Moses Malone,East,NBA,1979,FALSE,East,N/A
Pete Maravich,East,NBA,1979,FALSE,East,N/A
Calvin Murphy,East,NBA,1979,FALSE,East,N/A
Campy Russell,East,NBA,1979,FALSE,East,N/A
Rudy Tomjanovich,East,NBA,1979,FALSE,East,N/A
Kareem Abdul-Jabbar,West,NBA,1979,FALSE,West,N/A
Otis Birdsong,West,NBA,1979,FALSE,West,N/A
Walter Davis,West,NBA,1979,FALSE,West,N/A
Artis Gilmore,West,NBA,1979,FALSE,West,N/A
Dennis Johnson,West,NBA,1979,FALSE,West,N/A
Marques Johnson,West,NBA,1979,FALSE,West,N/A
Maurice Lucas,West,NBA,1979,FALSE,West,N/A
George McGinnis,West,NBA,1979,FALSE,West,N/A
Jack Sikma,West,NBA,1979,FALSE,West,N/A
David Thompson,West,NBA,1979,FALSE,West,N/A
Paul Westphal,West,NBA,1979,FALSE,West,N/A
Doug Collins,East,NBA,1978,FALSE,East,N/A
Dave Cowens,East,NBA,1978,FALSE,East,N/A
Julius Erving,East,NBA,1978,FALSE,East,N/A
George Gervin,East,NBA,1978,FALSE,East,N/A
John Havlicek,East,NBA,1978,FALSE,East,N/A
Elvin Hayes,East,NBA,1978,FALSE,East,N/A
Larry Kenon,East,NBA,1978,FALSE,East,N/A
Billy Knight,East,NBA,1978,TRUE,East,N/A
Moses Malone,East,NBA,1978,FALSE,East,N/A
Pete Maravich,East,NBA,1978,TRUE,East,N/A
Bob McAdoo,East,NBA,1978,FALSE,East,N/A
Truck Robinson,East,NBA,1978,FALSE,East,N/A
Randy Smith,East,NBA,1978,FALSE,East,N/A
Rick Barry,West,NBA,1978,FALSE,West,N/A
Walter Davis,West,NBA,1978,FALSE,West,N/A
Artis Gilmore,West,NBA,1978,FALSE,West,N/A
Lionel Hollins,West,NBA,1978,FALSE,West,N/A
Bobby Jones,West,NBA,1978,FALSE,West,N/A
Bob Lanier,West,NBA,1978,FALSE,West,N/A
Maurice Lucas,West,NBA,1978,FALSE,West,N/A
David Thompson,West,NBA,1978,FALSE,West,N/A
Bill Walton,West,NBA,1978,FALSE,West,N/A
Paul Westphal,West,NBA,1978,FALSE,West,N/A
Brian Winters,West,NBA,1978,FALSE,West,N/A
Phil Chenier,East,NBA,1977,FALSE,East,N/A
Doug Collins,East,NBA,1977,FALSE,East,N/A
Dave Cowens,East,NBA,1977,TRUE,East,N/A
Julius Erving,East,NBA,1977,FALSE,East,N/A
George Gervin,East,NBA,1977,FALSE,East,N/A
John Havlicek,East,NBA,1977,FALSE,East,N/A
Elvin Hayes,East,NBA,1977,FALSE,East,N/A
Pete Maravich,East,NBA,1977,FALSE,East,N/A
Bob McAdoo,East,NBA,1977,FALSE,East,N/A
George McGinnis,East,NBA,1977,FALSE,East,N/A
Earl Monroe,East,NBA,1977,FALSE,East,N/A
Rudy Tomjanovich,East,NBA,1977,FALSE,East,N/A
Jo Jo White,East,NBA,1977,FALSE,East,N/A
Kareem Abdul-Jabbar,West,NBA,1977,FALSE,West,N/A
Rick Barry,West,NBA,1977,FALSE,West,N/A
Don Buse,West,NBA,1977,FALSE,West,N/A
Dan Issel,West,NBA,1977,FALSE,West,N/A
Bobby Jones,West,NBA,1977,FALSE,West,N/A
Billy Knight,West,NBA,1977,FALSE,West,N/A
Bob Lanier,West,NBA,1977,FALSE,West,N/A
Maurice Lucas,West,NBA,1977,FALSE,West,N/A
Phil Smith,West,NBA,1977,FALSE,West,N/A
David Thompson,West,NBA,1977,FALSE,West,N/A
Norm Van Lier,West,NBA,1977,FALSE,West,N/A
Bill Walton,West,NBA,1977,TRUE,West,N/A
Paul Westphal,West,NBA,1977,FALSE,West,N/A
Marvin Barnes,Unspecified,ABA,1976,FALSE,Unspecified,N/A
Ron Boone,Unspecified,ABA,1976,FALSE,Unspecified,N/A
Don Buse,Unspecified,ABA,1976,FALSE,Unspecified,N/A
Julius Erving,Unspecified,ABA,1976,FALSE,Unspecified,N/A
George Gervin,Unspecified,ABA,1976,FALSE,Unspecified,N/A
Artis Gilmore,Unspecified,ABA,1976,FALSE,Unspecified,N/A
Larry Kenon,Unspecified,ABA,1976,FALSE,Unspecified,N/A
Billy Knight,Unspecified,ABA,1976,FALSE,Unspecified,N/A
Maurice Lucas,Unspecified,ABA,1976,FALSE,Unspecified,N/A
Billy Paultz,Unspecified,ABA,1976,FALSE,Unspecified,N/A
James Silas,Unspecified,ABA,1976,FALSE,Unspecified,N/A
Brian Taylor,Unspecified,ABA,1976,FALSE,Unspecified,N/A
Byron Beck,Unspecified,ABA,1976,FALSE,Unspecified,N/A
Roger Brown,Unspecified,ABA,1976,FALSE,Unspecified,N/A
Jimmy Foster,Unspecified,ABA,1976,FALSE,Unspecified,N/A
Gus Gerard,Unspecified,ABA,1976,FALSE,Unspecified,N/A
Dan Issel,Unspecified,ABA,1976,FALSE,Unspecified,N/A
Bobby Jones,Unspecified,ABA,1976,FALSE,Unspecified,N/A
Ralph Simpson,Unspecified,ABA,1976,FALSE,Unspecified,N/A
Claude Terry,Unspecified,ABA,1976,FALSE,Unspecified,N/A
David Thompson,Unspecified,ABA,1976,FALSE,Unspecified,N/A
Monte Towe,Unspecified,ABA,1976,FALSE,Unspecified,N/A
Chuck Williams,Unspecified,ABA,1976,FALSE,Unspecified,N/A
Dave Bing,East,NBA,1976,FALSE,East,N/A
Doug Collins,East,NBA,1976,FALSE,East,N/A
Dave Cowens,East,NBA,1976,FALSE,East,N/A
John Drew,East,NBA,1976,FALSE,East,N/A
Walt Frazier,East,NBA,1976,FALSE,East,N/A
John Havlicek,East,NBA,1976,FALSE,East,N/A
Elvin Hayes,East,NBA,1976,FALSE,East,N/A
Bob McAdoo,East,NBA,1976,FALSE,East,N/A
George McGinnis,East,NBA,1976,FALSE,East,N/A
Randy Smith,East,NBA,1976,FALSE,East,N/A
Rudy Tomjanovich,East,NBA,1976,FALSE,East,N/A
Jo Jo White,East,NBA,1976,FALSE,East,N/A
Kareem Abdul-Jabbar,West,NBA,1976,FALSE,West,N/A
Alvan Adams,West,NBA,1976,FALSE,West,N/A
Tiny Archibald,West,NBA,1976,FALSE,West,N/A
Rick Barry,West,NBA,1976,FALSE,West,N/A
Fred Brown,West,NBA,1976,FALSE,West,N/A
Bob Dandridge,West,NBA,1976,FALSE,West,N/A
Curtis Rowe,West,NBA,1976,FALSE,West,N/A
Phil Smith,West,NBA,1976,FALSE,West,N/A
Norm Van Lier,West,NBA,1976,FALSE,West,N/A
Scott Wedman,West,NBA,1976,FALSE,West,N/A
Jamaal Wilkes,West,NBA,1976,FALSE,West,N/A
Brian Winters,West,NBA,1976,FALSE,West,N/A
Marvin Barnes,East,ABA,1975,FALSE,East,N/A
Louie Dampier,East,ABA,1975,FALSE,East,N/A
Julius Erving,East,ABA,1975,FALSE,East,N/A
Artis Gilmore,East,ABA,1975,FALSE,East,N/A
Dan Issel,East,ABA,1975,FALSE,East,N/A
Stew Johnson,East,ABA,1975,FALSE,East,N/A
Larry Kenon,East,ABA,1975,FALSE,East,N/A
Freddie Lewis,East,ABA,1975,FALSE,East,N/A
Billy Paultz,East,ABA,1975,FALSE,East,N/A
Brian Taylor,East,ABA,1975,FALSE,East,N/A
Dave Twardzik,East,ABA,1975,FALSE,East,N/A
Ron Boone,West,ABA,1975,FALSE,West,N/A
Mack Calvin,West,ABA,1975,FALSE,West,N/A
George Gervin,West,ABA,1975,FALSE,West,N/A
Mike Green,West,ABA,1975,FALSE,West,N/A
Caldwell Jones,West,ABA,1975,FALSE,West,N/A
Moses Malone,West,ABA,1975,FALSE,West,N/A
George McGinnis,West,ABA,1975,FALSE,West,N/A
Swen Nater,West,ABA,1975,FALSE,West,N/A
James Silas,West,ABA,1975,FALSE,West,N/A
Ralph Simpson,West,ABA,1975,FALSE,West,N/A
Phil Chenier,East,NBA,1975,FALSE,East,N/A
Dave Cowens,East,NBA,1975,FALSE,East,N/A
Walt Frazier,East,NBA,1975,FALSE,East,N/A
John Havlicek,East,NBA,1975,FALSE,East,N/A
Elvin Hayes,East,NBA,1975,FALSE,East,N/A
Bob McAdoo,East,NBA,1975,FALSE,East,N/A
Steve Mix,East,NBA,1975,FALSE,East,N/A
Earl Monroe,East,NBA,1975,FALSE,East,N/A
Paul Silas,East,NBA,1975,FALSE,East,N/A
Rudy Tomjanovich,East,NBA,1975,FALSE,East,N/A
Wes Unseld,East,NBA,1975,FALSE,East,N/A
Jo Jo White,East,NBA,1975,FALSE,East,N/A
Kareem Abdul-Jabbar,West,NBA,1975,FALSE,West,N/A
Tiny Archibald,West,NBA,1975,FALSE,West,N/A
Rick Barry,West,NBA,1975,FALSE,West,N/A
Dave Bing,West,NBA,1975,FALSE,West,N/A
Bob Dandridge,West,NBA,1975,FALSE,West,N/A
Gail Goodrich,West,NBA,1975,FALSE,West,N/A
Spencer Haywood,West,NBA,1975,FALSE,West,N/A
Sam Lacey,West,NBA,1975,FALSE,West,N/A
Bob Lanier,West,NBA,1975,FALSE,West,N/A
Jim Price,West,NBA,1975,FALSE,West,N/A
Charlie Scott,West,NBA,1975,FALSE,West,N/A
Sidney Wicks,West,NBA,1975,FALSE,West,N/A
Mack Calvin,East,ABA,1974,FALSE,East,N/A
Louie Dampier,East,ABA,1974,FALSE,East,N/A
Jim Eakins,East,ABA,1974,FALSE,East,N/A
Julius Erving,East,ABA,1974,FALSE,East,N/A
George Gervin,East,ABA,1974,FALSE,East,N/A
Artis Gilmore,East,ABA,1974,FALSE,East,N/A
Dan Issel,East,ABA,1974,FALSE,East,N/A
Larry Kenon,East,ABA,1974,FALSE,East,N/A
Ted McClain,East,ABA,1974,FALSE,East,N/A
George Thompson,East,ABA,1974,FALSE,East,N/A
Ron Boone,West,ABA,1974,FALSE,West,N/A
Mel Daniels,West,ABA,1974,FALSE,West,N/A
Warren Jabali,West,ABA,1974,FALSE,West,N/A
Stew Johnson,West,ABA,1974,FALSE,West,N/A
Jimmy Jones,West,ABA,1974,FALSE,West,N/A
Rich Jones,West,ABA,1974,FALSE,West,N/A
George McGinnis,West,ABA,1974,FALSE,West,N/A
Swen Nater,West,ABA,1974,FALSE,West,N/A
Ralph Simpson,West,ABA,1974,FALSE,West,N/A
Willie Wise,West,ABA,1974,FALSE,West,N/A
Austin Carr,East,NBA,1974,FALSE,East,N/A
Phil Chenier,East,NBA,1974,FALSE,East,N/A
Dave Cowens,East,NBA,1974,FALSE,East,N/A
Dave DeBusschere,East,NBA,1974,FALSE,East,N/A
Walt Frazier,East,NBA,1974,FALSE,East,N/A
John Havlicek,East,NBA,1974,FALSE,East,N/A
Elvin Hayes,East,NBA,1974,FALSE,East,N/A
Lou Hudson,East,NBA,1974,FALSE,East,N/A
Pete Maravich,East,NBA,1974,FALSE,East,N/A
Bob McAdoo,East,NBA,1974,FALSE,East,N/A
Rudy Tomjanovich,East,NBA,1974,FALSE,East,N/A
Jo Jo White,East,NBA,1974,FALSE,East,N/A
Kareem Abdul-Jabbar,West,NBA,1974,FALSE,West,N/A
Rick Barry,West,NBA,1974,FALSE,West,N/A
Dave Bing,West,NBA,1974,FALSE,West,N/A
Gail Goodrich,West,NBA,1974,FALSE,West,N/A
Spencer Haywood,West,NBA,1974,FALSE,West,N/A
Bob Lanier,West,NBA,1974,FALSE,West,N/A
Geoff Petrie,West,NBA,1974,FALSE,West,N/A
Charlie Scott,West,NBA,1974,FALSE,West,N/A
Nate Thurmond,West,NBA,1974,FALSE,West,N/A
Norm Van Lier,West,NBA,1974,FALSE,West,N/A
Chet Walker,West,NBA,1974,FALSE,West,N/A
Jerry West,West,NBA,1974,TRUE,West,N/A
Sidney Wicks,West,NBA,1974,FALSE,West,N/A
Joe Caldwell,East,ABA,1973,FALSE,East,N/A
Mack Calvin,East,ABA,1973,FALSE,East,N/A
Billy Cunningham,East,ABA,1973,FALSE,East,N/A
Louie Dampier,East,ABA,1973,FALSE,East,N/A
Julius Erving,East,ABA,1973,FALSE,East,N/A
Artis Gilmore,East,ABA,1973,FALSE,East,N/A
Dan Issel,East,ABA,1973,FALSE,East,N/A
Bill Melchionni,East,ABA,1973,FALSE,East,N/A
Billy Paultz,East,ABA,1973,FALSE,East,N/A
George Thompson,East,ABA,1973,FALSE,East,N/A
Zelmo Beaty,West,ABA,1973,FALSE,West,N/A
Mel Daniels,West,ABA,1973,FALSE,West,N/A
Warren Jabali,West,ABA,1973,FALSE,West,N/A
Stew Johnson,West,ABA,1973,FALSE,West,N/A
Jimmy Jones,West,ABA,1973,FALSE,West,N/A
Rich Jones,West,ABA,1973,FALSE,West,N/A
George McGinnis,West,ABA,1973,FALSE,West,N/A
Ralph Simpson,West,ABA,1973,FALSE,West,N/A
Chuck Williams,West,ABA,1973,FALSE,West,N/A
Willie Wise,West,ABA,1973,FALSE,West,N/A
John Block,East,NBA,1973,FALSE,East,N/A
Bill Bradley,East,NBA,1973,FALSE,East,N/A
Dave Cowens,East,NBA,1973,FALSE,East,N/A
Dave DeBusschere,East,NBA,1973,FALSE,East,N/A
Walt Frazier,East,NBA,1973,FALSE,East,N/A
John Havlicek,East,NBA,1973,FALSE,East,N/A
Elvin Hayes,East,NBA,1973,FALSE,East,N/A
Lou Hudson,East,NBA,1973,FALSE,East,N/A
Bob Kauffman,East,NBA,1973,FALSE,East,N/A
Pete Maravich,East,NBA,1973,FALSE,East,N/A
Jack Marin,East,NBA,1973,FALSE,East,N/A
Wes Unseld,East,NBA,1973,FALSE,East,N/A
Jo Jo White,East,NBA,1973,FALSE,East,N/A
Lenny Wilkens,East,NBA,1973,FALSE,East,N/A
Kareem Abdul-Jabbar,West,NBA,1973,TRUE,West,N/A
Tiny Archibald,West,NBA,1973,FALSE,West,N/A
Rick Barry,West,NBA,1973,TRUE,West,N/A
Dave Bing,West,NBA,1973,FALSE,West,N/A
Wilt Chamberlain,West,NBA,1973,FALSE,West,N/A
Bob Dandridge,West,NBA,1973,FALSE,West,N/A
Gail Goodrich,West,NBA,1973,FALSE,West,N/A
Connie Hawkins,West,NBA,1973,FALSE,West,N/A
Spencer Haywood,West,NBA,1973,FALSE,West,N/A
Bob Lanier,West,NBA,1973,FALSE,West,N/A
Bob Love,West,NBA,1973,FALSE,West,N/A
Charlie Scott,West,NBA,1973,FALSE,West,N/A
Nate Thurmond,West,NBA,1973,FALSE,West,N/A
Chet Walker,West,NBA,1973,FALSE,West,N/A
Jerry West,West,NBA,1973,FALSE,West,N/A
Sidney Wicks,West,NBA,1973,FALSE,West,N/A
Rick Barry,East,ABA,1972,FALSE,East,N/A
John Brisker,East,ABA,1972,FALSE,East,N/A
Mack Calvin,East,ABA,1972,FALSE,East,N/A
Louie Dampier,East,ABA,1972,FALSE,East,N/A
Julius Erving,East,ABA,1972,FALSE,East,N/A
Artis Gilmore,East,ABA,1972,FALSE,East,N/A
Dan Issel,East,ABA,1972,FALSE,East,N/A
Warren Jabali,East,ABA,1972,FALSE,East,N/A
Jim McDaniels,East,ABA,1972,FALSE,East,N/A
Bill Melchionni,East,ABA,1972,FALSE,East,N/A
Charlie Scott,East,ABA,1972,FALSE,East,N/A
George Thompson,East,ABA,1972,FALSE,East,N/A
Zelmo Beaty,West,ABA,1972,FALSE,West,N/A
Arthur Becker,West,ABA,1972,FALSE,West,N/A
Roger Brown,West,ABA,1972,FALSE,West,N/A
Glen Combs,West,ABA,1972,FALSE,West,N/A
Mel Daniels,West,ABA,1972,FALSE,West,N/A
Donnie Freeman,West,ABA,1972,FALSE,West,N/A
Steve Jones,West,ABA,1972,FALSE,West,N/A
Wil Jones,West,ABA,1972,FALSE,West,N/A
Wendell Ladner,West,ABA,1972,FALSE,West,N/A
Freddie Lewis,West,ABA,1972,FALSE,West,N/A
Ralph Simpson,West,ABA,1972,FALSE,West,N/A
Willie Wise,West,ABA,1972,FALSE,West,N/A
Butch Beard,East,NBA,1972,FALSE,East,N/A
Archie Clark,East,NBA,1972,FALSE,East,N/A
Dave Cowens,East,NBA,1972,FALSE,East,N/A
Billy Cunningham,East,NBA,1972,FALSE,East,N/A
Dave DeBusschere,East,NBA,1972,FALSE,East,N/A
Walt Frazier,East,NBA,1972,FALSE,East,N/A
John Havlicek,East,NBA,1972,FALSE,East,N/A
Lou Hudson,East,NBA,1972,FALSE,East,N/A
John Johnson,East,NBA,1972,FALSE,East,N/A
Bob Kauffman,East,NBA,1972,FALSE,East,N/A
Jack Marin,East,NBA,1972,FALSE,East,N/A
Wes Unseld,East,NBA,1972,FALSE,East,N/A
Tom Van Arsdale,East,NBA,1972,FALSE,East,N/A
Jo Jo White,East,NBA,1972,FALSE,East,N/A
Kareem Abdul-Jabbar,West,NBA,1972,FALSE,West,N/A
Wilt Chamberlain,West,NBA,1972,FALSE,West,N/A
Gail Goodrich,West,NBA,1972,FALSE,West,N/A
Connie Hawkins,West,NBA,1972,FALSE,West,N/A
Elvin Hayes,West,NBA,1972,FALSE,West,N/A
Spencer Haywood,West,NBA,1972,FALSE,West,N/A
Bob Lanier,West,NBA,1972,FALSE,West,N/A
Bob Love,West,NBA,1972,FALSE,West,N/A
Oscar Robertson,West,NBA,1972,FALSE,West,N/A
Cazzie Russell,West,NBA,1972,FALSE,West,N/A
Paul Silas,West,NBA,1972,FALSE,West,N/A
Jimmy Walker,West,NBA,1972,FALSE,West,N/A
Jerry West,West,NBA,1972,FALSE,West,N/A
Sidney Wicks,West,NBA,1972,FALSE,West,N/A
Rick Barry,East,ABA,1971,FALSE,East,N/A
John Brisker,East,ABA,1971,FALSE,East,N/A
Joe Caldwell,East,ABA,1971,FALSE,East,N/A
Mack Calvin,East,ABA,1971,FALSE,East,N/A
George Carter,East,ABA,1971,FALSE,East,N/A
Dan Issel,East,ABA,1971,FALSE,East,N/A
Neil Johnson,East,ABA,1971,FALSE,East,N/A
Larry Jones,East,ABA,1971,FALSE,East,N/A
Mike Lewis,East,ABA,1971,FALSE,East,N/A
Bill Melchionni,East,ABA,1971,FALSE,East,N/A
Cincinnatus Powell,East,ABA,1971,FALSE,East,N/A
Charlie Scott,East,ABA,1971,FALSE,East,N/A
Zelmo Beaty,West,ABA,1971,FALSE,West,N/A
Ron Boone,West,ABA,1971,FALSE,West,N/A
Roger Brown,West,ABA,1971,FALSE,West,N/A
Glen Combs,West,ABA,1971,FALSE,West,N/A
Mel Daniels,West,ABA,1971,FALSE,West,N/A
Donnie Freeman,West,ABA,1971,FALSE,West,N/A
Jimmy Jones,West,ABA,1971,FALSE,West,N/A
Steve Jones,West,ABA,1971,FALSE,West,N/A
Julius Keye,West,ABA,1971,FALSE,West,N/A
Wendell Ladner,West,ABA,1971,FALSE,West,N/A
Bob Netolicky,West,ABA,1971,FALSE,West,N/A
Red Robbins,West,ABA,1971,FALSE,West,N/A
Billy Cunningham,East,NBA,1971,FALSE,East,N/A
Dave DeBusschere,East,NBA,1971,FALSE,East,N/A
Walt Frazier,East,NBA,1971,FALSE,East,N/A
Johnny Green,East,NBA,1971,FALSE,East,N/A
John Havlicek,East,NBA,1971,FALSE,East,N/A
Lou Hudson,East,NBA,1971,FALSE,East,N/A
Gus Johnson,East,NBA,1971,FALSE,East,N/A
John Johnson,East,NBA,1971,FALSE,East,N/A
Bob Kauffman,East,NBA,1971,FALSE,East,N/A
Earl Monroe,East,NBA,1971,FALSE,East,N/A
Willis Reed,East,NBA,1971,FALSE,East,N/A
Wes Unseld,East,NBA,1971,FALSE,East,N/A
Tom Van Arsdale,East,NBA,1971,FALSE,East,N/A
Jo Jo White,East,NBA,1971,FALSE,East,N/A
Kareem Abdul-Jabbar,West,NBA,1971,FALSE,West,N/A
Dave Bing,West,NBA,1971,FALSE,West,N/A
Wilt Chamberlain,West,NBA,1971,FALSE,West,N/A
Connie Hawkins,West,NBA,1971,FALSE,West,N/A
Elvin Hayes,West,NBA,1971,FALSE,West,N/A
Bob Love,West,NBA,1971,FALSE,West,N/A
Jerry Lucas,West,NBA,1971,FALSE,West,N/A
Jeff Mullins,West,NBA,1971,FALSE,West,N/A
Geoff Petrie,West,NBA,1971,FALSE,West,N/A
Oscar Robertson,West,NBA,1971,FALSE,West,N/A
Dick Van Arsdale,West,NBA,1971,FALSE,West,N/A
Chet Walker,West,NBA,1971,FALSE,West,N/A
Jerry West,West,NBA,1971,FALSE,West,N/A
Lenny Wilkens,West,NBA,1971,FALSE,West,N/A
Roger Brown,East,ABA,1970,FALSE,East,N/A
Darel Carrier,East,ABA,1970,FALSE,East,N/A
Louie Dampier,East,ABA,1970,FALSE,East,N/A
Mel Daniels,East,ABA,1970,FALSE,East,N/A
Donnie Freeman,East,ABA,1970,FALSE,East,N/A
Mike Lewis,East,ABA,1970,FALSE,East,N/A
Doug Moe,East,ABA,1970,FALSE,East,N/A
Gene Moore,East,ABA,1970,FALSE,East,N/A
Bob Netolicky,East,ABA,1970,FALSE,East,N/A
Levern Tart,East,ABA,1970,FALSE,East,N/A
Bob Verga,East,ABA,1970,FALSE,East,N/A
Charlie Williams,East,ABA,1970,FALSE,East,N/A
Rick Barry,West,ABA,1970,FALSE,West,N/A
John Beasley,West,ABA,1970,FALSE,West,N/A
Larry Brown,West,ABA,1970,FALSE,West,N/A
Glen Combs,West,ABA,1970,FALSE,West,N/A
Warren Davis,West,ABA,1970,FALSE,West,N/A
Gerald Govan,West,ABA,1970,FALSE,West,N/A
Spencer Haywood,West,ABA,1970,FALSE,West,N/A
Warren Jabali,West,ABA,1970,FALSE,West,N/A
Jimmy Jones,West,ABA,1970,FALSE,West,N/A
Larry Jones,West,ABA,1970,FALSE,West,N/A
Steve Jones,West,ABA,1970,FALSE,West,N/A
Cincinnatus Powell,West,ABA,1970,FALSE,West,N/A
Red Robbins,West,ABA,1970,TRUE,West,N/A
Kareem Abdul-Jabbar,East,NBA,1970,FALSE,East,N/A
Billy Cunningham,East,NBA,1970,FALSE,East,N/A
Dave DeBusschere,East,NBA,1970,FALSE,East,N/A
Walt Frazier,East,NBA,1970,FALSE,East,N/A
Hal Greer,East,NBA,1970,FALSE,East,N/A
John Havlicek,East,NBA,1970,FALSE,East,N/A
Gus Johnson,East,NBA,1970,FALSE,East,N/A
Willis Reed,East,NBA,1970,FALSE,East,N/A
Oscar Robertson,East,NBA,1970,FALSE,East,N/A
Flynn Robinson,East,NBA,1970,FALSE,East,N/A
Tom Van Arsdale,East,NBA,1970,FALSE,East,N/A
Jimmy Walker,East,NBA,1970,FALSE,East,N/A
Elgin Baylor,West,NBA,1970,FALSE,West,N/A
Bill Bridges,West,NBA,1970,FALSE,West,N/A
Joe Caldwell,West,NBA,1970,FALSE,West,N/A
Connie Hawkins,West,NBA,1970,FALSE,West,N/A
Elvin Hayes,West,NBA,1970,FALSE,West,N/A
Lou Hudson,West,NBA,1970,FALSE,West,N/A
Jeff Mullins,West,NBA,1970,FALSE,West,N/A
Bob Rule,West,NBA,1970,FALSE,West,N/A
Nate Thurmond,West,NBA,1970,TRUE,West,N/A
Dick Van Arsdale,West,NBA,1970,FALSE,West,N/A
Chet Walker,West,NBA,1970,FALSE,West,N/A
Jerry West,West,NBA,1970,FALSE,West,N/A
Lenny Wilkens,West,NBA,1970,FALSE,West,N/A
Darel Carrier,East,ABA,1969,FALSE,East,N/A
Louie Dampier,East,ABA,1969,FALSE,East,N/A
Mel Daniels,East,ABA,1969,FALSE,East,N/A
Donnie Freeman,East,ABA,1969,FALSE,East,N/A
Les Hunter,East,ABA,1969,FALSE,East,N/A
Goose Ligon,East,ABA,1969,FALSE,East,N/A
Bob Netolicky,East,ABA,1969,FALSE,East,N/A
Walter Simon,East,ABA,1969,FALSE,East,N/A
Skip Thoren,East,ABA,1969,FALSE,East,N/A
Trooper Washington,East,ABA,1969,FALSE,East,N/A
Charlie Williams,East,ABA,1969,FALSE,East,N/A
Rick Barry,West,ABA,1969,FALSE,West,N/A
John Beasley,West,ABA,1969,FALSE,West,N/A
Byron Beck,West,ABA,1969,FALSE,West,N/A
Larry Brown,West,ABA,1969,FALSE,West,N/A
Warren Davis,West,ABA,1969,FALSE,West,N/A
Wayne Hightower,West,ABA,1969,FALSE,West,N/A
Mervin Jackson,West,ABA,1969,FALSE,West,N/A
Jimmy Jones,West,ABA,1969,FALSE,West,N/A
Larry Jones,West,ABA,1969,FALSE,West,N/A
Doug Moe,West,ABA,1969,FALSE,West,N/A
Red Robbins,West,ABA,1969,FALSE,West,N/A
Willie Somerset,West,ABA,1969,FALSE,West,N/A
Dave Bing,East,NBA,1969,FALSE,East,N/A
Billy Cunningham,East,NBA,1969,FALSE,East,N/A
Hal Greer,East,NBA,1969,FALSE,East,N/A
John Havlicek,East,NBA,1969,FALSE,East,N/A
Gus Johnson,East,NBA,1969,FALSE,East,N/A
Jerry Lucas,East,NBA,1969,FALSE,East,N/A
Jon McGlocklin,East,NBA,1969,FALSE,East,N/A
Earl Monroe,East,NBA,1969,FALSE,East,N/A
Willis Reed,East,NBA,1969,FALSE,East,N/A
Oscar Robertson,East,NBA,1969,FALSE,East,N/A
Bill Russell,East,NBA,1969,FALSE,East,N/A
Wes Unseld,East,NBA,1969,FALSE,East,N/A
Elgin Baylor,West,NBA,1969,FALSE,West,N/A
Joe Caldwell,West,NBA,1969,FALSE,West,N/A
Wilt Chamberlain,West,NBA,1969,FALSE,West,N/A
Gail Goodrich,West,NBA,1969,FALSE,West,N/A
Elvin Hayes,West,NBA,1969,FALSE,West,N/A
Lou Hudson,West,NBA,1969,FALSE,West,N/A
Don Kojis,West,NBA,1969,FALSE,West,N/A
Rudy LaRusso,West,NBA,1969,FALSE,West,N/A
Jeff Mullins,West,NBA,1969,FALSE,West,N/A
Jerry Sloan,West,NBA,1969,FALSE,West,N/A
Dick Van Arsdale,West,NBA,1969,FALSE,West,N/A
Jerry West,West,NBA,1969,TRUE,West,N/A
Lenny Wilkens,West,NBA,1969,FALSE,West,N/A
Roger Brown,East,ABA,1968,FALSE,East,N/A
Darel Carrier,East,ABA,1968,FALSE,East,N/A
Louie Dampier,East,ABA,1968,FALSE,East,N/A
Mel Daniels,East,ABA,1968,FALSE,East,N/A
Donnie Freeman,East,ABA,1968,FALSE,East,N/A
Connie Hawkins,East,ABA,1968,FALSE,East,N/A
Les Hunter,East,ABA,1968,FALSE,East,N/A
Tony Jackson,East,ABA,1968,FALSE,East,N/A
Freddie Lewis,East,ABA,1968,FALSE,East,N/A
Randolph Mahaffey,East,ABA,1968,FALSE,East,N/A
Bob Netolicky,East,ABA,1968,FALSE,East,N/A
Chico Vaughn,East,ABA,1968,FALSE,East,N/A
John Beasley,West,ABA,1968,FALSE,West,N/A
Arthur Becker,West,ABA,1968,FALSE,West,N/A
Larry Brown,West,ABA,1968,FALSE,West,N/A
Larry Bunce,West,ABA,1968,FALSE,West,N/A
Cliff Hagan,West,ABA,1968,FALSE,West,N/A
Jimmy Jones,West,ABA,1968,FALSE,West,N/A
Larry Jones,West,ABA,1968,FALSE,West,N/A
Dewitt Menyard,West,ABA,1968,FALSE,West,N/A
Doug Moe,West,ABA,1968,FALSE,West,N/A
Red Robbins,West,ABA,1968,FALSE,West,N/A
Levern Tart,West,ABA,1968,FALSE,West,N/A
Ben Warley,West,ABA,1968,FALSE,West,N/A
Dick Barnett,East,NBA,1968,FALSE,East,N/A
Dave Bing,East,NBA,1968,FALSE,East,N/A
Wilt Chamberlain,East,NBA,1968,FALSE,East,N/A
Dave DeBusschere,East,NBA,1968,FALSE,East,N/A
Hal Greer,East,NBA,1968,FALSE,East,N/A
John Havlicek,East,NBA,1968,FALSE,East,N/A
Gus Johnson,East,NBA,1968,FALSE,East,N/A
Sam Jones,East,NBA,1968,FALSE,East,N/A
Jerry Lucas,East,NBA,1968,FALSE,East,N/A
Willis Reed,East,NBA,1968,FALSE,East,N/A
Oscar Robertson,East,NBA,1968,FALSE,East,N/A
Bill Russell,East,NBA,1968,FALSE,East,N/A
Walt Hazzard,West,NBA,1968,FALSE,West,N/A
Elgin Baylor,West,NBA,1968,FALSE,West,N/A
Zelmo Beaty,West,NBA,1968,FALSE,West,N/A
Bob Boozer,West,NBA,1968,FALSE,West,N/A
Bill Bridges,West,NBA,1968,FALSE,West,N/A
Archie Clark,West,NBA,1968,FALSE,West,N/A
Jim King,West,NBA,1968,FALSE,West,N/A
Don Kojis,West,NBA,1968,FALSE,West,N/A
Rudy LaRusso,West,NBA,1968,FALSE,West,N/A
Clyde Lee,West,NBA,1968,FALSE,West,N/A
Nate Thurmond,West,NBA,1968,TRUE,West,N/A
Jerry West,West,NBA,1968,FALSE,West,N/A
Lenny Wilkens,West,NBA,1968,FALSE,West,N/A
Wilt Chamberlain,East,NBA,1967,FALSE,East,N/A
Hal Greer,East,NBA,1967,FALSE,East,N/A
John Havlicek,East,NBA,1967,FALSE,East,N/A
Bailey Howell,East,NBA,1967,FALSE,East,N/A
Jerry Lucas,East,NBA,1967,FALSE,East,N/A
Don Ohl,East,NBA,1967,FALSE,East,N/A
Willis Reed,East,NBA,1967,FALSE,East,N/A
Oscar Robertson,East,NBA,1967,FALSE,East,N/A
Bill Russell,East,NBA,1967,FALSE,East,N/A
Chet Walker,East,NBA,1967,FALSE,East,N/A
Rick Barry,West,NBA,1967,FALSE,West,N/A
Elgin Baylor,West,NBA,1967,FALSE,West,N/A
Bill Bridges,West,NBA,1967,FALSE,West,N/A
Dave DeBusschere,West,NBA,1967,FALSE,West,N/A
Darrall Imhoff,West,NBA,1967,FALSE,West,N/A
Guy Rodgers,West,NBA,1967,FALSE,West,N/A
Jerry Sloan,West,NBA,1967,FALSE,West,N/A
Nate Thurmond,West,NBA,1967,FALSE,West,N/A
Jerry West,West,NBA,1967,FALSE,West,N/A
Lenny Wilkens,West,NBA,1967,FALSE,West,N/A
Wilt Chamberlain,East,NBA,1966,FALSE,East,N/A
Hal Greer,East,NBA,1966,FALSE,East,N/A
John Havlicek,East,NBA,1966,FALSE,East,N/A
Sam Jones,East,NBA,1966,FALSE,East,N/A
Jerry Lucas,East,NBA,1966,FALSE,East,N/A
Willis Reed,East,NBA,1966,FALSE,East,N/A
Oscar Robertson,East,NBA,1966,FALSE,East,N/A
Bill Russell,East,NBA,1966,FALSE,East,N/A
Adrian Smith,East,NBA,1966,FALSE,East,N/A
Chet Walker,East,NBA,1966,FALSE,East,N/A
Rick Barry,West,NBA,1966,FALSE,West,N/A
Zelmo Beaty,West,NBA,1966,FALSE,West,N/A
Dave DeBusschere,West,NBA,1966,FALSE,West,N/A
Bailey Howell,West,NBA,1966,FALSE,West,N/A
Rudy LaRusso,West,NBA,1966,FALSE,West,N/A
Eddie Miles,West,NBA,1966,FALSE,West,N/A
Don Ohl,West,NBA,1966,FALSE,West,N/A
Guy Rodgers,West,NBA,1966,FALSE,West,N/A
Nate Thurmond,West,NBA,1966,FALSE,West,N/A
Jerry West,West,NBA,1966,FALSE,West,N/A
Larry Costello,East,NBA,1965,FALSE,East,N/A
Wayne Embry,East,NBA,1965,FALSE,East,N/A
Johnny Green,East,NBA,1965,FALSE,East,N/A
Hal Greer,East,NBA,1965,FALSE,East,N/A
Tom Heinsohn,East,NBA,1965,TRUE,East,N/A
Luke Jackson,East,NBA,1965,FALSE,East,N/A
Sam Jones,East,NBA,1965,FALSE,East,N/A
Jerry Lucas,East,NBA,1965,FALSE,East,N/A
Willis Reed,East,NBA,1965,FALSE,East,N/A
Oscar Robertson,East,NBA,1965,FALSE,East,N/A
Bill Russell,East,NBA,1965,FALSE,East,N/A
Elgin Baylor,West,NBA,1965,FALSE,West,N/A
Walt Bellamy,West,NBA,1965,FALSE,West,N/A
Wilt Chamberlain,West,NBA,1965,FALSE,West,N/A
Terry Dischinger,West,NBA,1965,FALSE,West,N/A
Gus Johnson,West,NBA,1965,FALSE,West,N/A
Don Ohl,West,NBA,1965,FALSE,West,N/A
Bob Pettit,West,NBA,1965,FALSE,West,N/A
Nate Thurmond,West,NBA,1965,FALSE,West,N/A
Jerry West,West,NBA,1965,FALSE,West,N/A
Lenny Wilkens,West,NBA,1965,FALSE,West,N/A
Len Chappell,East,NBA,1964,FALSE,East,N/A
Wayne Embry,East,NBA,1964,FALSE,East,N/A
Tom Gola,East,NBA,1964,FALSE,East,N/A
Hal Greer,East,NBA,1964,FALSE,East,N/A
Tom Heinsohn,East,NBA,1964,FALSE,East,N/A
Sam Jones,East,NBA,1964,FALSE,East,N/A
Jerry Lucas,East,NBA,1964,FALSE,East,N/A
Oscar Robertson,East,NBA,1964,FALSE,East,N/A
Bill Russell,East,NBA,1964,FALSE,East,N/A
Chet Walker,East,NBA,1964,FALSE,East,N/A
Elgin Baylor,West,NBA,1964,FALSE,West,N/A
Walt Bellamy,West,NBA,1964,FALSE,West,N/A
Wilt Chamberlain,West,NBA,1964,FALSE,West,N/A
Terry Dischinger,West,NBA,1964,FALSE,West,N/A
Bailey Howell,West,NBA,1964,FALSE,West,N/A
Don Ohl,West,NBA,1964,FALSE,West,N/A
Bob Pettit,West,NBA,1964,FALSE,West,N/A
Guy Rodgers,West,NBA,1964,FALSE,West,N/A
Jerry West,West,NBA,1964,FALSE,West,N/A
Lenny Wilkens,West,NBA,1964,FALSE,West,N/A
Bob Cousy,East,NBA,1963,FALSE,East,N/A
Wayne Embry,East,NBA,1963,TRUE,East,N/A
Tom Gola,East,NBA,1963,FALSE,East,N/A
Johnny Green,East,NBA,1963,FALSE,East,N/A
Hal Greer,East,NBA,1963,FALSE,East,N/A
Richie Guerin,East,NBA,1963,FALSE,East,N/A
Tom Heinsohn,East,NBA,1963,FALSE,East,N/A
Red Kerr,East,NBA,1963,FALSE,East,N/A
Oscar Robertson,East,NBA,1963,FALSE,East,N/A
Bill Russell,East,NBA,1963,FALSE,East,N/A
Lee Shaffer,East,NBA,1963,FALSE,East,N/A
Jack Twyman,East,NBA,1963,FALSE,East,N/A
Elgin Baylor,West,NBA,1963,FALSE,West,N/A
Walt Bellamy,West,NBA,1963,FALSE,West,N/A
Wilt Chamberlain,West,NBA,1963,FALSE,West,N/A
Terry Dischinger,West,NBA,1963,FALSE,West,N/A
Bailey Howell,West,NBA,1963,FALSE,West,N/A
Rudy LaRusso,West,NBA,1963,FALSE,West,N/A
Tom Meschery,West,NBA,1963,FALSE,West,N/A
Don Ohl,West,NBA,1963,FALSE,West,N/A
Bob Pettit,West,NBA,1963,FALSE,West,N/A
Guy Rodgers,West,NBA,1963,FALSE,West,N/A
Jerry West,West,NBA,1963,FALSE,West,N/A
Lenny Wilkens,West,NBA,1963,FALSE,West,N/A
Paul Arizin,East,NBA,1962,FALSE,East,N/A
Wilt Chamberlain,East,NBA,1962,FALSE,East,N/A
Larry Costello,East,NBA,1962,TRUE,East,N/A
Bob Cousy,East,NBA,1962,FALSE,East,N/A
Tom Gola,East,NBA,1962,TRUE,East,N/A
Johnny Green,East,NBA,1962,FALSE,East,N/A
Hal Greer,East,NBA,1962,FALSE,East,N/A
Richie Guerin,East,NBA,1962,FALSE,East,N/A
Tom Heinsohn,East,NBA,1962,FALSE,East,N/A
Sam Jones,East,NBA,1962,FALSE,East,N/A
Willie Naulls,East,NBA,1962,FALSE,East,N/A
Bill Russell,East,NBA,1962,FALSE,East,N/A
Dolph Schayes,East,NBA,1962,FALSE,East,N/A
Elgin Baylor,West,NBA,1962,FALSE,West,N/A
Walt Bellamy,West,NBA,1962,FALSE,West,N/A
Wayne Embry,West,NBA,1962,FALSE,West,N/A
Cliff Hagan,West,NBA,1962,FALSE,West,N/A
Bailey Howell,West,NBA,1962,FALSE,West,N/A
Rudy LaRusso,West,NBA,1962,TRUE,West,N/A
Bob Pettit,West,NBA,1962,FALSE,West,N/A
Oscar Robertson,West,NBA,1962,FALSE,West,N/A
Frank Selvy,West,NBA,1962,FALSE,West,N/A
Gene Shue,West,NBA,1962,FALSE,West,N/A
Jack Twyman,West,NBA,1962,FALSE,West,N/A
Jerry West,West,NBA,1962,FALSE,West,N/A
Paul Arizin,East,NBA,1961,FALSE,East,N/A
Wilt Chamberlain,East,NBA,1961,FALSE,East,N/A
Larry Costello,East,NBA,1961,FALSE,East,N/A
Bob Cousy,East,NBA,1961,FALSE,East,N/A
Tom Gola,East,NBA,1961,FALSE,East,N/A
Hal Greer,East,NBA,1961,FALSE,East,N/A
Richie Guerin,East,NBA,1961,FALSE,East,N/A
Tom Heinsohn,East,NBA,1961,FALSE,East,N/A
Willie Naulls,East,NBA,1961,FALSE,East,N/A
Bill Russell,East,NBA,1961,FALSE,East,N/A
Dolph Schayes,East,NBA,1961,FALSE,East,N/A
Elgin Baylor,West,NBA,1961,FALSE,West,N/A
Walter Dukes,West,NBA,1961,FALSE,West,N/A
Wayne Embry,West,NBA,1961,FALSE,West,N/A
Cliff Hagan,West,NBA,1961,FALSE,West,N/A
Bailey Howell,West,NBA,1961,FALSE,West,N/A
Hot Rod Hundley,West,NBA,1961,FALSE,West,N/A
Clyde Lovellette,West,NBA,1961,FALSE,West,N/A
Bob Pettit,West,NBA,1961,FALSE,West,N/A
Oscar Robertson,West,NBA,1961,FALSE,West,N/A
Gene Shue,West,NBA,1961,FALSE,West,N/A
Jerry West,West,NBA,1961,FALSE,West,N/A
Paul Arizin,East,NBA,1960,TRUE,East,N/A
Wilt Chamberlain,East,NBA,1960,FALSE,East,N/A
Larry Costello,East,NBA,1960,FALSE,East,N/A
Bob Cousy,East,NBA,1960,FALSE,East,N/A
Tom Gola,East,NBA,1960,FALSE,East,N/A
Richie Guerin,East,NBA,1960,FALSE,East,N/A
Willie Naulls,East,NBA,1960,FALSE,East,N/A
Bill Russell,East,NBA,1960,FALSE,East,N/A
Dolph Schayes,East,NBA,1960,FALSE,East,N/A
Bill Sharman,East,NBA,1960,FALSE,East,N/A
George Yardley,East,NBA,1960,FALSE,East,N/A
Elgin Baylor,West,NBA,1960,FALSE,West,N/A
Walter Dukes,West,NBA,1960,FALSE,West,N/A
Dick Garmaker,West,NBA,1960,FALSE,West,N/A
Cliff Hagan,West,NBA,1960,FALSE,West,N/A
Hot Rod Hundley,West,NBA,1960,FALSE,West,N/A
Clyde Lovellette,West,NBA,1960,FALSE,West,N/A
Chuck Noble,West,NBA,1960,FALSE,West,N/A
Bob Pettit,West,NBA,1960,FALSE,West,N/A
Gene Shue,West,NBA,1960,FALSE,West,N/A
Jack Twyman,West,NBA,1960,FALSE,West,N/A
Paul Arizin,East,NBA,1959,FALSE,East,N/A
Larry Costello,East,NBA,1959,FALSE,East,N/A
Bob Cousy,East,NBA,1959,FALSE,East,N/A
Richie Guerin,East,NBA,1959,FALSE,East,N/A
Red Kerr,East,NBA,1959,FALSE,East,N/A
Bill Russell,East,NBA,1959,FALSE,East,N/A
Woody Sauldsberry,East,NBA,1959,FALSE,East,N/A
Dolph Schayes,East,NBA,1959,FALSE,East,N/A
Kenny Sears,East,NBA,1959,FALSE,East,N/A
Bill Sharman,East,NBA,1959,FALSE,East,N/A
Elgin Baylor,West,NBA,1959,FALSE,West,N/A
Larry Foust,West,NBA,1959,FALSE,West,N/A
Dick Garmaker,West,NBA,1959,FALSE,West,N/A
Cliff Hagan,West,NBA,1959,FALSE,West,N/A
Slater Martin,West,NBA,1959,FALSE,West,N/A
Dick McGuire,West,NBA,1959,FALSE,West,N/A
Bob Pettit,West,NBA,1959,FALSE,West,N/A
Gene Shue,West,NBA,1959,FALSE,West,N/A
Jack Twyman,West,NBA,1959,FALSE,West,N/A
George Yardley,West,NBA,1959,FALSE,West,N/A
Paul Arizin,East,NBA,1958,FALSE,East,N/A
Larry Costello,East,NBA,1958,FALSE,East,N/A
Bob Cousy,East,NBA,1958,FALSE,East,N/A
Richie Guerin,East,NBA,1958,FALSE,East,N/A
Neil Johnston,East,NBA,1958,FALSE,East,N/A
Willie Naulls,East,NBA,1958,FALSE,East,N/A
Bill Russell,East,NBA,1958,FALSE,East,N/A
Dolph Schayes,East,NBA,1958,FALSE,East,N/A
Kenny Sears,East,NBA,1958,FALSE,East,N/A
Bill Sharman,East,NBA,1958,FALSE,East,N/A
Larry Foust,West,NBA,1958,FALSE,West,N/A
Dick Garmaker,West,NBA,1958,FALSE,West,N/A
Cliff Hagan,West,NBA,1958,TRUE,West,N/A
Slater Martin,West,NBA,1958,FALSE,West,N/A
Dick McGuire,West,NBA,1958,FALSE,West,N/A
Bob Pettit,West,NBA,1958,FALSE,West,N/A
Gene Shue,West,NBA,1958,FALSE,West,N/A
Maurice Stokes,West,NBA,1958,FALSE,West,N/A
Jack Twyman,West,NBA,1958,FALSE,West,N/A
George Yardley,West,NBA,1958,FALSE,West,N/A
Paul Arizin,East,NBA,1957,FALSE,East,N/A
Carl Braun,East,NBA,1957,FALSE,East,N/A
Nat Clifton,East,NBA,1957,FALSE,East,N/A
Bob Cousy,East,NBA,1957,FALSE,East,N/A
Harry Gallatin,East,NBA,1957,FALSE,East,N/A
Jack George,East,NBA,1957,FALSE,East,N/A
Tom Heinsohn,East,NBA,1957,FALSE,East,N/A
Neil Johnston,East,NBA,1957,FALSE,East,N/A
Dolph Schayes,East,NBA,1957,FALSE,East,N/A
Bill Sharman,East,NBA,1957,FALSE,East,N/A
Dick Garmaker,West,NBA,1957,FALSE,West,N/A
Mel Hutchins,West,NBA,1957,FALSE,West,N/A
Clyde Lovellette,West,NBA,1957,TRUE,West,N/A
Ed Macauley,West,NBA,1957,FALSE,West,N/A
Slater Martin,West,NBA,1957,FALSE,West,N/A
Vern Mikkelsen,West,NBA,1957,FALSE,West,N/A
Bob Pettit,West,NBA,1957,FALSE,West,N/A
Richie Regan,West,NBA,1957,FALSE,West,N/A
Maurice Stokes,West,NBA,1957,FALSE,West,N/A
Jack Twyman,West,NBA,1957,FALSE,West,N/A
George Yardley,West,NBA,1957,FALSE,West,N/A
Paul Arizin,East,NBA,1956,FALSE,East,N/A
Carl Braun,East,NBA,1956,TRUE,East,N/A
Bob Cousy,East,NBA,1956,FALSE,East,N/A
Harry Gallatin,East,NBA,1956,FALSE,East,N/A
Jack George,East,NBA,1956,FALSE,East,N/A
Neil Johnston,East,NBA,1956,FALSE,East,N/A
Red Kerr,East,NBA,1956,FALSE,East,N/A
Ed Macauley,East,NBA,1956,FALSE,East,N/A
Dick McGuire,East,NBA,1956,FALSE,East,N/A
Dolph Schayes,East,NBA,1956,FALSE,East,N/A
Bill Sharman,East,NBA,1956,FALSE,East,N/A
Larry Foust,West,NBA,1956,FALSE,West,N/A
Bob Harrison,West,NBA,1956,FALSE,West,N/A
Mel Hutchins,West,NBA,1956,FALSE,West,N/A
Clyde Lovellette,West,NBA,1956,FALSE,West,N/A
Slater Martin,West,NBA,1956,FALSE,West,N/A
Vern Mikkelsen,West,NBA,1956,FALSE,West,N/A
Bob Pettit,West,NBA,1956,FALSE,West,N/A
Maurice Stokes,West,NBA,1956,FALSE,West,N/A
Bobby Wanzer,West,NBA,1956,FALSE,West,N/A
George Yardley,West,NBA,1956,FALSE,West,N/A
Paul Arizin,East,NBA,1955,FALSE,East,N/A
Carl Braun,East,NBA,1955,FALSE,East,N/A
Bob Cousy,East,NBA,1955,FALSE,East,N/A
Harry Gallatin,East,NBA,1955,FALSE,East,N/A
Neil Johnston,East,NBA,1955,FALSE,East,N/A
Ed Macauley,East,NBA,1955,FALSE,East,N/A
Dick McGuire,East,NBA,1955,FALSE,East,N/A
Dolph Schayes,East,NBA,1955,FALSE,East,N/A
Paul Seymour,East,NBA,1955,FALSE,East,N/A
Bill Sharman,East,NBA,1955,FALSE,East,N/A
Jack Coleman,West,NBA,1955,FALSE,West,N/A
Larry Foust,West,NBA,1955,FALSE,West,N/A
Slater Martin,West,NBA,1955,FALSE,West,N/A
Vern Mikkelsen,West,NBA,1955,FALSE,West,N/A
Bob Pettit,West,NBA,1955,FALSE,West,N/A
Andy Phillip,West,NBA,1955,FALSE,West,N/A
Jim Pollard,West,NBA,1955,FALSE,West,N/A
Arnie Risen,West,NBA,1955,TRUE,West,N/A
Frank Selvy,West,NBA,1955,FALSE,West,N/A
Bobby Wanzer,West,NBA,1955,FALSE,West,N/A
George Yardley,West,NBA,1955,FALSE,West,N/A
Carl Braun,East,NBA,1954,FALSE,East,N/A
Bob Cousy,East,NBA,1954,FALSE,East,N/A
Ray Felix,East,NBA,1954,FALSE,East,N/A
Harry Gallatin,East,NBA,1954,FALSE,East,N/A
Neil Johnston,East,NBA,1954,FALSE,East,N/A
Ed Macauley,East,NBA,1954,FALSE,East,N/A
Dick McGuire,East,NBA,1954,FALSE,East,N/A
Dolph Schayes,East,NBA,1954,FALSE,East,N/A
Paul Seymour,East,NBA,1954,FALSE,East,N/A
Bill Sharman,East,NBA,1954,FALSE,East,N/A
Bob Davies,West,NBA,1954,FALSE,West,N/A
Larry Foust,West,NBA,1954,FALSE,West,N/A
Mel Hutchins,West,NBA,1954,FALSE,West,N/A
Slater Martin,West,NBA,1954,FALSE,West,N/A
George Mikan,West,NBA,1954,FALSE,West,N/A
Jack Molinas,West,NBA,1954,TRUE,West,N/A
Andy Phillip,West,NBA,1954,FALSE,West,N/A
Jim Pollard,West,NBA,1954,FALSE,West,N/A
Arnie Risen,West,NBA,1954,FALSE,West,N/A
Don Sunderlage,West,NBA,1954,FALSE,West,N/A
Bobby Wanzer,West,NBA,1954,FALSE,West,N/A
Don Barksdale,East,NBA,1953,FALSE,East,N/A
Carl Braun,East,NBA,1953,FALSE,East,N/A
Bob Cousy,East,NBA,1953,FALSE,East,N/A
Bill Gabor,East,NBA,1953,FALSE,East,N/A
Harry Gallatin,East,NBA,1953,FALSE,East,N/A
Neil Johnston,East,NBA,1953,FALSE,East,N/A
Ed Macauley,East,NBA,1953,FALSE,East,N/A
Dolph Schayes,East,NBA,1953,FALSE,East,N/A
Fred Scolari,East,NBA,1953,TRUE,East,N/A
Paul Seymour,East,NBA,1953,FALSE,East,N/A
Bill Sharman,East,NBA,1953,FALSE,East,N/A
Leo Barnhorst,West,NBA,1953,FALSE,West,N/A
Bob Davies,West,NBA,1953,FALSE,West,N/A
Larry Foust,West,NBA,1953,FALSE,West,N/A
Mel Hutchins,West,NBA,1953,FALSE,West,N/A
Slater Martin,West,NBA,1953,FALSE,West,N/A
George Mikan,West,NBA,1953,FALSE,West,N/A
Vern Mikkelsen,West,NBA,1953,FALSE,West,N/A
Andy Phillip,West,NBA,1953,FALSE,West,N/A
Arnie Risen,West,NBA,1953,FALSE,West,N/A
Bobby Wanzer,West,NBA,1953,FALSE,West,N/A
Paul Arizin,East,NBA,1952,FALSE,East,N/A
Bob Cousy,East,NBA,1952,FALSE,East,N/A
Joe Fulks,East,NBA,1952,FALSE,East,N/A
Harry Gallatin,East,NBA,1952,FALSE,East,N/A
Ed Macauley,East,NBA,1952,FALSE,East,N/A
Dick McGuire,East,NBA,1952,FALSE,East,N/A
Andy Phillip,East,NBA,1952,FALSE,East,N/A
Red Rocha,East,NBA,1952,FALSE,East,N/A
Dolph Schayes,East,NBA,1952,TRUE,East,N/A
Fred Scolari,East,NBA,1952,FALSE,East,N/A
Max Zaslofsky,East,NBA,1952,FALSE,East,N/A
Leo Barnhorst,West,NBA,1952,FALSE,West,N/A
Frankie Brian,West,NBA,1952,FALSE,West,N/A
Bob Davies,West,NBA,1952,FALSE,West,N/A
Dike Eddleman,West,NBA,1952,FALSE,West,N/A
Larry Foust,West,NBA,1952,TRUE,West,N/A
George Mikan,West,NBA,1952,FALSE,West,N/A
Vern Mikkelsen,West,NBA,1952,FALSE,West,N/A
Jim Pollard,West,NBA,1952,FALSE,West,N/A
Arnie Risen,West,NBA,1952,FALSE,West,N/A
Paul Walther,West,NBA,1952,FALSE,West,N/A
Bobby Wanzer,West,NBA,1952,FALSE,West,N/A
Paul Arizin,East,NBA,1951,FALSE,East,N/A
Vince Boryla,East,NBA,1951,FALSE,East,N/A
Bob Cousy,East,NBA,1951,FALSE,East,N/A
Joe Fulks,East,NBA,1951,FALSE,East,N/A
Harry Gallatin,East,NBA,1951,FALSE,East,N/A
Ed Macauley,East,NBA,1951,FALSE,East,N/A
Dick McGuire,East,NBA,1951,FALSE,East,N/A
Andy Phillip,East,NBA,1951,FALSE,East,N/A
Red Rocha,East,NBA,1951,FALSE,East,N/A
Dolph Schayes,East,NBA,1951,FALSE,East,N/A
Ralph Beard,West,NBA,1951,FALSE,West,N/A
Frankie Brian,West,NBA,1951,FALSE,West,N/A
Bob Davies,West,NBA,1951,FALSE,West,N/A
Dike Eddleman,West,NBA,1951,FALSE,West,N/A
Larry Foust,West,NBA,1951,FALSE,West,N/A
Alex Groza,West,NBA,1951,FALSE,West,N/A
George Mikan,West,NBA,1951,FALSE,West,N/A
Vern Mikkelsen,West,NBA,1951,FALSE,West,N/A
Jim Pollard,West,NBA,1951,FALSE,West,N/A
Fred Schaus,West,NBA,1951,FALSE,West,N/A
